user_id,age,gender,country,occupation,income_level,years_gaming,preferred_genre,platform,device_type,rank_tier,daily_playtime_hours,weekly_play_sessions,late_night_sessions_hours,weekend_playtime_hours,consecutive_hours_max,multiplayer_ratio,toxic_chat_reports,rage_quit_frequency,in_game_purchases,monthly_spending_usd,lootbox_openings,subscription_status,stress_score,loneliness_score,dopamine_dependency_index,self_control_score,impulsiveness_score,anxiety_level,depression_indicator,emotional_stability,sleep_hours,exercise_frequency_per_week,caffeine_intake_cups_day,social_interaction_hours,relationship_status,gpa_or_performance_score,missed_deadlines,productivity_drop_percent,absenteeism_days,internet_speed_mbps,screen_time_total_hours,behavioral_cluster,addiction_score,addiction_binary,addiction_severity,burnout_probability,mental_health_risk_score,churn_probability
USR000001,21,Male,India,Employed,Middle,9,Sandbox,PC,Laptop,Gold,3.5,4,1.0,4.9,6.5,0.67,0,0,0,38.67,10,None,8.2,8.8,2.7,7.0,5.1,9.9,8.5,3.7,6.3,2,0,2.7,In a relationship,4.0,4,0,7,39.9,5.4,Casual Enjoyer,27.61,0,Mild,1,0.92,1
USR000002,25,Male,India,Employed,Lower-Middle,13,RPG,Mobile,Mixed,Bronze,10.9,14,3.2,14.7,15.9,0.44,2,0,7,47.35,18,Premium,7.8,5.6,8.2,6.5,3.5,6.2,4.1,3.0,6.1,0,2,3.5,In a relationship,4.0,4,16.7,6,71.5,13.4,Streamer/Creator,55.51,1,Moderate,1,0.515,0.813
USR000003,26,Male,Brazil,Employed,Middle,14,RPG,PC+Mobile,High-end PC,Master,8.6,7,2.4,11.6,13.1,0.32,0,1,3,37.8,4,Ultimate,8.4,4.1,5.0,4.2,6.1,7.7,6.7,3.3,6.1,1,3,2.0,Prefer not to say,4.0,6,8.5,7,119.4,12.3,Streamer/Creator,45.85,0,Moderate,1,0.72,0.947
USR000004,22,Male,South Korea,Employed,Upper-Middle,10,Strategy,PC+Mobile,Mobile,Bronze,5.9,5,1.1,13.6,8.2,0.23,7,7,9,74.51,15,None,6.0,4.5,6.0,5.8,3.6,5.9,4.5,6.5,6.7,4,5,0.6,Married,4.0,3,8.7,8,136.5,6.9,Toxic Competitor,39.87,0,Mild,1,0.52,0.66
USR000005,17,Female,India,Student,Middle,5,Strategy,PC,Laptop,Bronze,7.4,8,3.2,6.3,14.2,0.57,4,2,5,25.32,0,Premium,8.0,4.2,6.2,6.5,5.0,8.4,3.3,5.5,7.6,1,0,1.2,Single,2.6,3,21.9,6,78.8,9.3,Competitive Grinder,46.97,0,Moderate,1,0.585,0.867
USR000006,13,Male,USA,Freelancer,Middle,1,Horror,PC,Mobile,Silver,1.4,1,0,1.7,3.5,0.35,0,0,9,18.71,0,None,1,7.2,2.2,7.0,4.2,3.0,5.0,10,7.2,3,1,3.1,In a relationship,4.0,0,0,3,93.8,3.7,Casual Enjoyer,17.26,0,None,0.32,0.4,0.15
USR000007,27,Male,UK,Unemployed,Lower-Middle,15,RPG,Console,Console,Silver,8.0,10,2.9,10.6,12.3,0.49,17,7,7,0,9,Premium,7.6,5.5,4.6,8.4,4.3,5.8,5.2,3.9,8.0,1,3,0.5,In a relationship,4.0,2,30.2,12,5,10.0,Toxic Competitor,34.82,0,Mild,1,0.55,0.879
USR000008,18,Non-binary,Canada,Student,Middle,6,MOBA,PC,Mixed,Bronze,2.2,3,0.2,3.2,5.1,0.51,1,0,3,14.17,2,Premium,4.6,6.9,1.4,4.7,3.9,4.7,5.1,8.5,7.3,0,0,3.6,Single,3.35,2,0,5,97.1,4.7,Casual Enjoyer,22.66,0,Mild,1,0.49,0.825
USR000009,16,Female,USA,Student,High,1,Sports,Mobile,Mixed,Gold,8.3,12,1.7,11.5,11.9,0.67,6,6,13,95.67,22,Basic,8.1,3.2,6.1,10,2.6,4.8,3.2,3.8,7.5,0,3,4.7,In a relationship,2.72,3,35.2,5,81.9,11.0,Toxic Competitor,35.08,0,Mild,1,0.4,0.928
USR000010,30,Female,Brazil,Freelancer,Middle,18,Strategy,Console,Mid-range PC,Gold,6.9,8,2.4,6.1,12.7,0.53,9,7,0,55.9,14,Premium,4.9,1,2.9,3.4,6.4,4.8,1,7.2,5.4,2,1,4.8,In a relationship,4.0,2,24.8,3,22.2,7.5,Competitive Grinder,46.24,0,Moderate,1,0.29,0.756
USR000011,18,Male,India,Employed,Middle,6,MMORPG,Console,Console,Gold,7.5,9,3.0,8.6,12.6,0,7,2,5,14.89,1,Ultimate,8.2,3.9,5.0,6.6,1,7.5,3.4,5.7,7.3,0,4,2.9,Married,4.0,8,5.1,0,72.2,8.3,Binge Player,37.67,0,Mild,1,0.545,0.871
USR000012,21,Male,India,Freelancer,Lower-Middle,9,Strategy,PC,High-end PC,Master,8.4,10,3.7,11.8,11.4,0.12,0,0,4,28.33,7,Premium,6.6,5.2,5.2,4.0,5.1,6.5,6.4,6.7,5.3,2,0,2.2,Single,4.0,1,0,3,157.5,11.8,Escape Seeker,56.22,1,Moderate,1,0.645,0.825
USR000013,19,Prefer not to say,Canada,Student,Middle,7,Sports,PC,Mixed,Bronze,6.1,7,1.3,8.7,7.0,0.72,0,0,0,12.85,0,Premium,4.1,5.4,3.7,7.8,2.1,4.2,7.4,7.7,8.3,1,0,1.3,In a relationship,2.84,1,25.6,4,136.7,7.9,Social Gamer,33.4,0,Mild,1,0.58,0.745
USR000014,22,Male,India,Employed,Middle,10,Casual,PC+Console,High-end PC,Silver,4.9,8,1.3,8.7,5.4,0.44,0,2,4,20.79,4,None,7.8,6.8,3.8,5.9,4.5,7.1,7.4,5.4,4.5,0,2,2.4,Single,4.0,3,13.8,3,89.8,8.2,Social Gamer,35.8,0,Mild,1,0.725,0.841
USR000015,27,Male,Brazil,Employed,Low,14,Casual,PC,High-end PC,Gold,4.5,5,1.4,5.6,9.0,0,1,1,0,17.86,0,Basic,7.4,5.1,2.6,7.3,2.7,5.5,4.5,7.0,7.0,2,0,1.9,Single,4.0,1,9.4,1,149.9,6.2,Escape Seeker,27.81,0,Mild,1,0.5,0.879
USR000016,22,Female,South Korea,Freelancer,Lower-Middle,10,MMORPG,Console,Mixed,Bronze,9.4,9,3.7,13.9,13.9,0.71,2,2,0,0,5,Basic,8.2,4.9,5.5,7.9,3.8,6.4,5.6,8.7,5.3,0,1,4.3,Single,4.0,7,27.7,3,116.1,11.9,Competitive Grinder,47.67,0,Moderate,1,0.6,0.767
USR000017,18,Female,France,Student,Middle,6,RPG,Mobile,Laptop,Unranked,6.0,6,2.6,9.1,12.2,0.63,23,4,4,35.71,12,Premium,5.2,4.8,5.1,5.8,6.5,5.4,4.9,8.7,5.7,3,3,2.8,Single,2.59,4,15.9,7,213.7,9.8,Toxic Competitor,49.49,0,Moderate,1,0.515,0.76
USR000018,20,Male,Germany,Employed,Low,7,MOBA,PC+Mobile,Mobile,Silver,11.2,10,3.7,20,13.9,0.84,0,0,2,32.09,12,None,7.0,3.9,6.1,6.5,4.2,4.1,4.4,7.4,7.2,0,3,2.3,In a relationship,4.0,3,10.5,5,158.1,14.4,Streamer/Creator,48.88,0,Moderate,1,0.425,0.771
USR000019,30,Male,Germany,Employed,Middle,15,Strategy,PC+Console,Mid-range PC,Silver,0.5,1,0,0.9,1,0.08,1,0,0,58.7,12,None,7.1,7.0,4.3,4.9,3.7,6.3,4.0,8.2,8.8,4,0,0.5,Single,4.0,2,0,1,123.8,1.2,Casual Enjoyer,21.8,0,Mild,1,0.515,0.747
USR000020,18,Non-binary,USA,Employed,Lower-Middle,6,RPG,Mobile,Laptop,Diamond,4.1,3,0.7,6.1,4.1,0.25,0,1,4,45.6,5,Basic,2.0,2.7,2.5,10,5.6,1.4,1,6.9,7.0,2,2,1.1,Divorced,4.0,0,27.7,2,65.2,5.2,Social Gamer,20.25,0,Mild,0.946,0.12,0.472
USR000021,13,Male,India,Student,Middle,1,Battle Royale,PC,Console,Silver,4.5,4,2.2,7.5,9.6,0.56,2,0,0,27.55,8,None,9.2,8.3,5.2,8.8,6.0,9.5,,9.3,6.4,2,1,1.4,In a relationship,2.95,0,15.4,3,29.8,7.5,Social Gamer,29.92,0,Mild,1,0.73,0.938
USR000022,13,Male,USA,Unemployed,Upper-Middle,1,RPG,Mobile,High-end PC,Master,7.4,9,3.0,10.3,12.1,0.65,2,4,0,36.95,0,Ultimate,5.6,1.6,3.4,4.7,4.2,3.4,4.7,7.5,7.3,1,4,4.1,Divorced,4.0,2,15.7,5,255.5,11.2,Competitive Grinder,42.1,0,Moderate,1,0.405,0.8
USR000023,27,Prefer not to say,Canada,Employed,Upper-Middle,15,Sandbox,PC,Mid-range PC,Silver,6.9,6,3.4,13.2,15.0,0.41,15,8,9,116.89,24,Premium,7.2,6.9,5.0,6.0,6.3,6.3,3.8,6.4,4.8,1,1,3.0,Prefer not to say,4.0,6,22.0,9,46.0,6.9,Toxic Competitor,50.59,1,Moderate,1,0.505,0.845
USR000024,13,Male,USA,Employed,Low,1,RPG,Mobile,Mobile,Gold,7.7,7,2.1,9.7,10.2,0.39,3,0,0,0,3,Ultimate,4.9,7.2,4.0,6.7,6.8,4.6,6.3,7.4,9.2,0,1,2.1,Single,4.0,3,9.6,6,115.4,10.9,Binge Player,39.54,0,Mild,1,0.545,0.728
USR000025,13,Male,India,Student,Low,1,Sandbox,PC,Mixed,Grandmaster,6.6,8,2.7,7.7,10.8,0.14,1,0,0,0,0,Ultimate,7.5,4.3,5.4,7.8,6.1,5.3,5.7,9.3,6.5,0,2,3.5,Single,3.28,3,9.5,3,126.4,7.5,Escape Seeker,45.58,0,Moderate,1,0.55,0.692
USR000026,26,Female,India,Employed,Middle,14,Casual,Console,Mid-range PC,Grandmaster,4.6,5,2.5,7.8,5.3,0.26,9,8,1,54.96,19,Premium,6.2,6.5,2.5,5.6,6.3,6.9,6.5,7.1,7.8,1,1,0,Single,4.0,1,12.5,3,158.6,5.4,Toxic Competitor,38.57,0,Mild,1,0.67,0.967
USR000027,28,Female,India,Employed,Low,16,Strategy,Console,Mobile,Diamond,1.5,2,0.1,2.4,3.6,0.61,1,2,0,31.12,10,None,6.1,5.8,1,6.3,3.1,4.9,4.0,7.2,6.8,2,0,0,In a relationship,4.0,0,0,6,36.5,3.7,Casual Enjoyer,19.56,0,None,1,0.445,0.808
USR000028,16,Male,USA,Freelancer,Low,4,MMORPG,Mobile,Mobile,Gold,4.6,6,2.1,3.7,3.9,0.51,0,0,7,14.45,11,None,6.0,2.7,3.9,7.2,5.4,2.9,3.8,6.1,6.7,1,3,1.3,In a relationship,4.0,3,0,6,110.8,6.2,Escape Seeker,32.49,0,Mild,1,0.335,0.59
USR000029,18,Male,India,Streamer/Content Creator,Middle,6,Strategy,PC,Mixed,Gold,2.0,4,1.1,1.7,1.4,0.07,0,0,4,12.93,0,None,6.4,10,1.4,7.5,3.7,7.2,7.4,7.2,7.0,2,0,1.3,Single,4.0,1,0,2,125.0,4.8,Casual Enjoyer,16.6,0,None,1,0.73,0.836
USR000030,20,Male,India,Employed,Middle,8,Sandbox,PC,Laptop,Bronze,6.8,10,1.6,8.6,11.3,0.06,2,7,4,72.3,15,Basic,4.6,9.3,4.5,4.2,5.8,6.0,6.5,8.6,8.0,0,2,3.9,Married,4.0,6,1.7,3,130.7,8.1,Toxic Competitor,44.78,0,Moderate,1,0.625,0.885
USR000031,20,Male,USA,Freelancer,Middle,7,Battle Royale,Mobile,Laptop,Platinum,4.1,2,2.0,5.8,9.4,0.98,0,0,11,50.96,10,Premium,8.9,5.5,2.1,6.4,5.1,5.7,4.0,5.3,6.0,3,2,1.0,In a relationship,4.0,1,8.9,8,78.3,6.4,Escape Seeker,29.01,0,Mild,1,0.485,0.82
USR000032,15,Male,USA,Student,Middle,3,MMORPG,Mobile,Mixed,Gold,5.8,7,0.6,7.2,10.9,0.71,0,7,0,35.71,8,None,7.7,4.9,6.5,7.2,5.3,1.6,4.3,5.0,7.4,1,1,0.4,Married,3.39,2,19.0,1,192.9,7.7,Toxic Competitor,31.35,0,Mild,1,0.295,0.894
USR000033,28,Female,Russia,Student,Middle,16,Battle Royale,Console,Console,Diamond,4.4,6,1.2,7.8,4.3,0.74,0,1,19,64.72,10,Ultimate,8.2,5.8,2.3,10,1,5.1,2.0,7.2,8.3,2,2,4.2,Single,3.25,1,19.7,1,44.5,7.3,Casual Enjoyer,18.21,0,None,1,0.355,0.612
USR000034,19,Male,Russia,Employed,Lower-Middle,7,Sandbox,PC,Console,Diamond,4.3,7,1.1,8.8,5.9,0.41,1,0,0,23.06,0,None,6.0,5.8,1.4,6.2,4.2,6.7,2.8,8.9,6.7,2,0,2.6,Single,4.0,2,8.5,2,80.8,6.7,Streamer/Creator,24.77,0,Mild,1,0.475,0.763
USR000035,20,Female,Australia,Student,High,6,MMORPG,Console,Mixed,Unranked,6.3,10,2.4,6.2,12.2,0.87,0,3,18,170.51,36,Premium,4.9,8.2,6.1,4.2,5.8,5.4,7.7,6.8,6.4,1,4,0.4,Prefer not to say,3.04,4,27.8,5,19.6,9.0,Binge Player,44.39,0,Moderate,1,0.655,0.841
USR000036,14,Female,Brazil,Employed,Middle,1,Sandbox,PC,Console,Silver,6.6,11,1.6,10.5,10.1,0.29,0,1,21,91.22,11,None,4.9,7.4,4.2,4.7,7.5,5.2,5.9,6.8,7.2,5,4,2.5,Prefer not to say,4.0,5,5.9,10,61.2,8.8,Escape Seeker,45.1,0,Moderate,1,0.555,0.819
USR000037,27,Male,India,Employed,Low,15,RPG,Console,Mixed,Silver,7.2,9,3.0,8.2,13.9,0.18,1,0,0,0.46,0,Basic,7.3,4.0,6.6,7.2,3.8,8.6,7.0,4.3,7.3,0,6,2.2,In a relationship,4.0,3,18.0,8,141.0,8.1,Streamer/Creator,44.26,0,Moderate,1,0.78,0.837
USR000038,31,Female,India,Employed,Upper-Middle,19,Sandbox,Console,Mobile,Gold,4.2,5,1.3,6.4,5.2,0.49,2,0,0,44.29,1,Basic,6.3,5.7,2.2,7.6,3.7,5.0,2.2,4.8,8.5,2,4,1.6,Single,4.0,0,15.5,5,167.9,5.3,Social Gamer,23.18,0,Mild,1,0.36,0.613
USR000039,13,Male,Brazil,Streamer/Content Creator,Middle,1,Sandbox,PC,Console,Bronze,9.3,7,2.5,9.7,13.9,0.32,1,3,7,50.75,9,Premium,7.2,7.1,7.9,4.2,6.7,6.3,6.5,5.7,5.6,3,3,4.2,Single,4.0,3,38.6,6,153.3,11.3,Streamer/Creator,61.25,1,Severe,1,0.64,0.975
USR000040,27,Male,India,Employed,Middle,15,MOBA,PC,Laptop,Diamond,4.4,4,1.6,6.0,2.7,0.46,0,3,1,31.48,10,Premium,6.9,4.6,2.4,6.6,3.7,4.9,1,7.3,6.7,2,2,6.6,Single,4.0,0,11.7,11,67.7,6.5,Social Gamer,29.84,0,Mild,1,0.295,0.698
USR000041,29,Male,Indonesia,Freelancer,Middle,17,MOBA,PC+Console,Console,Gold,6.7,5,2.3,9.0,9.8,0.74,3,1,3,13.99,0,Basic,10,7.7,2.4,7.9,3.7,9.8,6.9,3.9,6.9,0,4,0.4,Single,4.0,4,31.5,4,107.6,7.8,Competitive Grinder,28.83,0,Mild,1,0.835,0.823
USR000042,27,Male,Indonesia,Employed,Middle,15,Horror,PC,Mixed,Gold,10.2,10,4.0,8.9,16.5,0.1,0,0,0,21.46,6,Premium,8.9,5.0,6.2,7.6,3.1,7.8,3.9,4.5,4.2,0,3,1.5,Single,4.0,2,32.0,4,67.6,12.1,Binge Player,53.34,1,Moderate,1,0.585,0.842
USR000043,13,Male,USA,Freelancer,High,1,Casual,PC,Laptop,Diamond,7.3,5,3.7,9.8,6.2,0.7,0,5,3,99.74,16,Premium,6.6,5.6,3.9,7.6,2.8,5.5,3.7,7.0,5.8,0,5,0.1,Married,4.0,3,27.5,5,239.4,9.2,Competitive Grinder,39.88,0,Mild,1,0.46,0.687
USR000044,26,Male,USA,Employed,Middle,14,FPS,PC,High-end PC,Gold,4.8,6,1.7,4.2,11.7,1,1,5,0,0,1,Premium,8.3,3.8,3.0,9.2,2.0,4.2,3.7,5.8,6.4,1,0,3.6,In a relationship,4.0,1,20.3,4,42.0,6.6,Escape Seeker,28.09,0,Mild,1,0.395,0.74
USR000045,26,Male,Brazil,Employed,Middle,14,Strategy,PC,Mid-range PC,Gold,2.5,1,1.1,3.2,3.8,0.27,0,3,0,37.99,8,Basic,2.7,6.0,1.2,9.1,5.9,6.9,4.1,9.4,7.2,4,2,1.9,Single,4.0,3,0,4,42.0,3.6,Social Gamer,20.49,0,Mild,1,0.55,0.94
USR000046,28,Female,Mexico,Employed,Middle,16,Horror,PC+Console,Mixed,Silver,8.9,10,2.0,10.3,13.9,0.53,5,5,7,0,0,Basic,7.3,1.7,4.4,9.9,1,4.4,3.7,5.4,6.6,4,0,4.4,Married,4.0,7,30.6,7,102.0,11.8,Competitive Grinder,37.67,0,Mild,1,0.405,0.786
USR000047,29,Non-binary,Mexico,Employed,Low,17,Sandbox,Console,High-end PC,Bronze,1.3,1,0.6,1.8,3.2,0.12,1,0,7,15.9,5,Premium,5.2,7.8,1.0,7.0,5.9,1.3,3.6,7.7,9.1,4,0,3.0,Single,4.0,0,12.0,3,102.9,3.9,Casual Enjoyer,22.13,0,Mild,1,0.245,0.769
USR000048,28,Male,USA,Freelancer,Upper-Middle,16,Casual,PC,High-end PC,Platinum,11.9,12,4.0,16.3,20.6,0.32,2,0,5,45.19,11,None,9.3,3.6,8.4,6.0,4.5,6.7,3.8,7.8,5.5,0,3,3.8,Married,4.0,3,44.2,12,83.1,13.9,Streamer/Creator,61.37,1,Severe,1,0.525,1
USR000049,27,Female,China,Student,Middle,15,MOBA,Mobile,High-end PC,Silver,5.8,9,1.2,6.0,8.9,0.69,1,0,9,49.78,12,Basic,6.5,4.9,4.0,7.1,4.9,4.3,3.6,5.8,7.8,1,3,4.7,Prefer not to say,2.64,1,11.8,4,122.3,7.4,Social Gamer,36.82,0,Mild,1,0.395,0.799
USR000050,26,Male,UK,Employed,Lower-Middle,14,MMORPG,PC,High-end PC,Bronze,5.5,9,2.2,6.3,6.9,0.72,2,0,8,57.74,12,Ultimate,7.9,4.2,3.7,6.3,2.9,5.0,4.0,4.1,8.0,1,3,0.3,In a relationship,4.0,2,2.3,8,80.6,7.2,Escape Seeker,31.02,0,Mild,1,0.45,0.928
USR000051,16,Male,India,Employed,Middle,4,Strategy,PC,Mobile,Platinum,4.9,4,3.1,5.5,7.4,0.43,2,0,2,0,2,Premium,7.5,7.5,2.4,8.3,1.3,4.4,2.9,4.9,7.7,2,3,1.9,In a relationship,4.0,2,5.7,2,147.6,6.2,Escape Seeker,24.5,0,Mild,1,0.365,1
USR000052,24,Female,Russia,Employed,Lower-Middle,12,MOBA,Console,Console,Bronze,8.5,12,2.7,12.2,16.6,0.69,1,0,0,0,0,Basic,6.8,6.5,4.0,6.2,6.4,5.4,4.6,5.8,5.5,1,0,0.2,Single,4.0,4,29.1,6,5,8.9,Escape Seeker,44.93,0,Moderate,1,0.5,0.778
USR000053,18,Prefer not to say,India,Student,Lower-Middle,4,MMORPG,PC,Laptop,Bronze,9.0,13,3.7,7.2,11.9,0.24,2,3,6,28.05,0,Basic,6.2,6.6,3.9,6.3,4.2,6.5,4.8,7.5,6.5,2,6,0,Prefer not to say,2.45,2,23.1,4,151.3,10.4,Binge Player,44.91,0,Moderate,1,0.565,0.834
USR000054,13,Male,USA,Student,Lower-Middle,1,Casual,Console,Laptop,Silver,6.0,7,2.0,10.6,12.1,0.39,3,0,0,46.56,8,None,7.1,4.9,4.2,9.2,5.4,8.3,6.1,8.5,8.0,2,5,0.9,In a relationship,2.43,0,21.0,6,5,8.4,Binge Player,29.32,0,Mild,1,0.72,0.861
USR000055,19,Non-binary,Germany,Freelancer,Upper-Middle,7,Battle Royale,PC+Mobile,Laptop,Platinum,5.5,6,3.0,10.1,8.8,0.92,1,0,8,36.3,6,Basic,4.6,1.1,5.1,9.3,2.4,2.5,5.4,5.2,8.0,1,2,3.1,In a relationship,4.0,0,17.6,4,116.9,6.8,Casual Enjoyer,32.28,0,Mild,1,0.395,0.788
USR000056,17,Male,Germany,Student,Middle,5,FPS,PC,Mixed,Diamond,6.1,7,2.6,8.1,3.8,0.77,0,10,0,38.96,14,None,6.4,5.1,3.7,3.7,6.3,7.4,5.1,6.4,4.8,1,3,2.8,Single,3.12,1,8.5,6,102.6,7.8,Toxic Competitor,48.22,0,Moderate,1,0.625,0.732
USR000057,31,Male,India,Employed,Lower-Middle,19,Battle Royale,Mobile,Mixed,Gold,8.8,11,2.7,11.3,13.3,0.71,4,0,0,22.72,6,None,7.5,2.7,4.4,8.5,3.7,5.3,5.8,6.3,7.7,1,2,2.8,Married,4.0,5,17.2,5,75.9,9.7,Competitive Grinder,42.75,0,Moderate,1,0.555,0.648
USR000058,22,Male,Japan,Student,Lower-Middle,10,Sports,PC,Mobile,Unranked,5.0,8,1.9,4.0,8.0,0.36,1,1,4,52.93,3,Basic,4.5,6.9,4.9,5.1,8.3,3.9,4.0,7.1,8.0,2,5,0.2,In a relationship,3.05,3,0,9,137.5,6.8,Escape Seeker,36.65,0,Mild,1,0.395,0.773
USR000059,17,Female,Russia,Student,Middle,5,FPS,PC,Console,Diamond,5.2,5,1.8,8.8,8.3,0.19,2,0,3,49.43,6,Ultimate,5.3,3.9,3.6,7.2,3.9,4.9,2.8,8.8,8.4,3,1,4.1,Single,3.41,2,11.8,7,116.3,7.8,Binge Player,30.64,0,Mild,1,0.385,0.747
USR000060,19,Male,Mexico,Student,Upper-Middle,7,Horror,PC,Mobile,Diamond,9.8,11,4.2,7.8,16.4,0.38,0,0,6,77.17,18,Basic,7.2,7.9,5.2,7.8,3.8,4.1,6.2,7.5,7.5,1,2,3.0,Single,2.81,2,40.2,12,5,13.3,Streamer/Creator,48.35,0,Moderate,1,0.515,0.675
USR000061,22,Male,Other,Unemployed,Low,10,MOBA,PC+Console,Mobile,Gold,6.1,5,2.5,8.4,10.6,0.66,1,0,5,22.1,4,None,7.6,1.7,4.4,8.0,1,5.0,3.7,7.0,8.2,1,2,3.5,Single,4.0,0,9.5,6,149.7,8.1,Escape Seeker,33.65,0,Mild,1,0.435,0.901
USR000062,33,Male,USA,Employed,Lower-Middle,21,Sandbox,PC,Console,Platinum,4.9,4,3.2,6.0,5.5,0.31,1,1,0,31.33,6,None,4.6,7.2,4.1,5.9,5.5,2.0,3.3,10,7.6,2,4,1.8,Married,4.0,2,7.5,6,93.1,7.8,Social Gamer,38.28,0,Mild,1,0.265,0.59
USR000063,14,Male,Brazil,Student,Middle,2,Horror,PC,Console,Gold,4.9,7,2.3,7.3,8.7,0.5,1,0,0,15.1,11,Basic,4.8,4.4,4.8,4.8,6.1,3.5,4.2,7.2,7.3,4,1,6.4,In a relationship,3.44,3,0,6,95.5,6.5,Escape Seeker,39.29,0,Mild,1,0.385,0.55
USR000064,24,Female,India,Freelancer,Upper-Middle,12,Battle Royale,PC,Console,Diamond,5.9,5,1.0,6.8,7.9,0.81,26,10,3,51.51,7,None,8.7,5.3,5.5,5.3,7.0,5.8,7.1,6.1,6.5,3,5,2.3,Single,4.0,3,9.4,8,147.1,7.6,Toxic Competitor,42.61,0,Moderate,1,0.645,0.717
USR000065,14,Female,Brazil,Employed,Middle,2,Sports,PC,Mobile,Bronze,10.6,10,3.0,18.5,17.7,0.22,0,0,1,65.15,4,Premium,7.3,5.0,6.2,6.8,8.1,4.2,3.3,7.7,6.9,0,4,1.2,In a relationship,4.0,8,22.2,5,15.0,12.5,Streamer/Creator,55.22,1,Moderate,1,0.375,0.899
USR000066,21,Male,Brazil,Student,Middle,9,Strategy,PC,Laptop,Unranked,3.8,1,0.1,4.4,6.4,0.62,1,0,12,48.58,4,None,9.3,6.9,4.0,6.4,4.9,10,5.9,4.9,6.9,1,0,1.2,Single,3.07,5,7.9,0,54.4,4.4,Casual Enjoyer,27.9,0,Mild,1,0.795,0.961
USR000067,19,Male,USA,Unemployed,Middle,7,Casual,PC,High-end PC,Bronze,7.6,10,4.0,12.8,11.4,0.59,0,3,0,26.9,8,Basic,7.1,7.0,5.4,8.5,3.8,8.7,6.6,6.1,5.2,0,4,3.6,In a relationship,4.0,5,3.5,3,136.4,10.4,Competitive Grinder,42.42,0,Moderate,1,0.765,0.829
USR000068,20,Female,Australia,Employed,Middle,6,MMORPG,PC+Mobile,Laptop,Diamond,7.9,9,2.9,12.6,13.4,0.42,3,1,13,74.34,11,Premium,9.0,6.5,3.6,4.4,6.6,4.0,5.5,7.8,6.4,0,1,2.3,In a relationship,4.0,0,6.9,8,116.7,10.2,Competitive Grinder,43.58,0,Moderate,1,0.475,0.638
USR000069,17,Male,USA,Student,Middle,3,Strategy,PC,Console,Gold,9.2,14,4.7,10.1,18.4,0.45,0,2,0,29.02,7,Ultimate,5.1,6.4,6.0,8.3,4.7,4.4,4.0,8.1,7.0,1,0,3.6,In a relationship,2.47,4,30.3,5,98.6,12.4,Streamer/Creator,45.2,0,Moderate,1,0.42,0.78
USR000070,22,Non-binary,China,Employed,Upper-Middle,10,Sandbox,Console,High-end PC,Diamond,10.4,12,3.2,13.5,18.5,0.21,0,1,8,41.44,7,None,4.6,3.3,7.8,4.8,5.0,3.2,2.0,7.4,6.2,1,1,5.6,In a relationship,4.0,3,25.2,8,208.5,11.5,Streamer/Creator,63.24,1,Severe,1,0.26,0.622
USR000071,21,Female,Australia,Student,Low,9,Sandbox,PC+Mobile,Console,Silver,6.8,5,2.3,10.5,16.4,0.63,0,0,2,0,0,Premium,9.2,2.6,5.3,5.3,4.0,5.1,2.1,5.0,5.2,2,3,1.2,Single,3.03,3,4.4,8,189.8,9.0,Binge Player,48.23,0,Moderate,1,0.36,0.531
USR000072,28,Female,USA,Student,Low,13,RPG,Mobile,Mobile,Diamond,9.1,8,4.1,10.4,14.8,0.54,18,5,2,24.28,2,None,6.4,2.9,5.3,6.6,3.2,5.0,4.1,6.0,4.4,0,4,5.2,Single,3.61,8,21.1,9,97.2,11.5,Toxic Competitor,49.73,0,Moderate,1,0.455,0.826
USR000073,28,Male,Canada,Employed,Lower-Middle,16,MMORPG,PC,Laptop,Platinum,7.6,10,2.6,10.7,9.0,0.33,2,0,1,21.34,12,None,8.2,4.1,6.2,7.8,4.6,6.0,5.0,9.4,7.1,0,3,0.6,In a relationship,4.0,8,43.8,1,106.2,10.7,Streamer/Creator,47.85,0,Moderate,1,0.55,0.802
USR000074,22,Male,USA,Unemployed,Upper-Middle,10,Strategy,PC+Console,Console,Silver,5.5,6,3.1,7.6,8.6,0.37,8,5,9,33.68,11,Premium,6.0,8.1,3.7,7.0,2.8,5.4,5.3,7.3,5.7,1,2,1.9,Single,4.0,3,21.2,4,94.2,7.3,Toxic Competitor,34.84,0,Mild,1,0.535,0.843
USR000075,21,Female,Mexico,Freelancer,Middle,9,Battle Royale,PC+Mobile,Mobile,Bronze,2.4,1,0.8,3.9,5.5,0.59,0,0,0,56.87,12,Premium,7.8,6.7,4.2,6.2,6.6,6.2,4.9,5.1,8.4,0,0,4.0,Single,4.0,0,20.9,3,158.7,5.5,Casual Enjoyer,24.73,0,Mild,1,0.555,0.678
USR000076,35,Male,Brazil,Employed,Upper-Middle,23,Casual,PC,Laptop,Silver,5.8,7,1.4,5.1,10.3,0.38,16,6,15,98.04,16,Premium,7.0,2.6,1.7,3.8,6.5,4.3,2.2,4.2,6.9,3,4,2.5,In a relationship,4.0,0,27.2,0,36.2,9.2,Toxic Competitor,39.93,0,Mild,1,0.325,0.892
USR000077,28,Male,Other,Student,Lower-Middle,16,Strategy,Console,Mid-range PC,Bronze,0.5,1,0,0.8,1,0.43,0,0,2,26.8,7,Premium,4.2,4.0,1,8.0,2.8,2.0,1,7.6,8.3,3,3,0.3,In a relationship,3.2,0,0,6,166.5,2.7,Casual Enjoyer,14.7,0,None,1,0.15,0.434
USR000078,21,Male,USA,Employed,Middle,9,MMORPG,PC,Mid-range PC,Gold,9.1,13,3.5,17.7,15.2,0.57,5,2,0,26.95,9,Basic,3.9,4.7,7.8,6.9,4.5,2.2,3.0,5.1,4.7,1,0,1.7,Married,4.0,5,31.6,6,67.3,11.9,Competitive Grinder,51.82,1,Moderate,1,0.26,0.607
USR000079,19,Female,USA,Employed,Upper-Middle,7,Sandbox,PC,Mixed,Platinum,9.5,8,4.4,11.7,16.0,0.67,2,3,7,110.37,27,Premium,7.5,5.5,5.7,5.8,7.9,4.1,4.0,4.1,6.2,1,2,3.5,In a relationship,4.0,5,24.6,6,64.9,11.5,Binge Player,55.86,1,Moderate,1,0.405,0.836
USR000080,19,Male,Australia,Student,Upper-Middle,7,Sandbox,PC+Console,Mixed,Master,8.0,9,3.1,7.0,12.1,0.69,1,0,7,93.86,18,None,5.5,2.2,6.8,3.3,6.7,5.9,1.5,5.7,4.8,0,2,3.2,Single,2.17,4,33.6,8,134.2,9.0,Streamer/Creator,57.23,1,Moderate,1,0.37,0.803
USR000081,21,Female,USA,Student,Lower-Middle,9,FPS,Mobile,Mixed,Gold,8.7,9,3.3,9.0,16.7,0.74,0,1,0,13.96,0,None,9.3,2.5,5.5,7.4,5.3,8.3,3.4,3.4,6.2,1,1,3.5,Single,2.97,1,4.3,7,117.1,11.4,Binge Player,45.88,0,Moderate,1,0.585,0.787
USR000082,29,Female,Germany,Employed,Middle,17,RPG,PC+Console,Mid-range PC,Platinum,0.9,1,1.3,1.8,1.2,0.39,2,1,6,35.43,12,Premium,7.8,4.7,1,2.7,6.4,6.1,3.8,4.8,7.4,3,2,2.6,In a relationship,4.0,2,9.9,0,154.7,2.7,Social Gamer,29.49,0,Mild,1,0.495,0.688
USR000083,22,Female,USA,Streamer/Content Creator,Low,8,RPG,Mobile,Console,Diamond,7.3,7,2.6,9.7,12.5,0.52,11,3,12,33.95,3,Ultimate,8.6,2.8,5.3,7.0,4.2,6.6,3.4,7.6,6.8,0,4,3.3,In a relationship,4.0,3,11.4,11,34.5,9.7,Toxic Competitor,43.65,0,Moderate,1,0.5,0.749
USR000084,20,Female,Other,Employed,Middle,8,MMORPG,PC,High-end PC,Diamond,6.5,9,1.6,9.2,12.4,0.61,1,2,1,52.74,7,Basic,5.6,4.0,4.2,8.6,4.1,5.7,3.7,7.6,8.7,0,4,3.8,Divorced,4.0,1,18.4,4,171.4,9.1,Social Gamer,35.64,0,Mild,1,0.47,0.622
USR000085,20,Male,USA,Student,Middle,8,FPS,PC+Console,Mobile,Silver,6.6,6,2.9,9.6,12.5,0.45,0,0,1,39.97,9,Basic,8.2,6.1,5.4,5.1,7.1,10,4.6,4.9,4.7,2,3,0.0,Divorced,2.77,5,29.4,7,93.6,8.7,Escape Seeker,47.58,0,Moderate,1,0.73,0.965
USR000086,23,Non-binary,Japan,Student,Middle,10,MMORPG,Mobile,Mobile,Diamond,10.4,9,3.6,18.5,18.0,0.66,0,2,0,22.77,9,Basic,9.3,3.0,5.5,8.1,3.1,5.7,4.3,5.7,6.2,0,2,2.9,In a relationship,,6,30.9,10,11.2,11.3,Streamer/Creator,48.78,0,Moderate,1,0.5,0.858
USR000087,29,Male,UK,Student,Middle,17,FPS,PC,Mid-range PC,Silver,10.0,11,3.4,13.8,15.4,0.31,2,2,14,70.18,18,Premium,8.8,1.8,7.2,5.7,9.0,5.6,5.9,4.7,6.9,0,2,2.1,Single,2.83,6,15.9,6,116.5,12.9,Binge Player,60.88,1,Severe,1,0.575,0.811
USR000088,27,Male,UK,Freelancer,Upper-Middle,15,Strategy,Console,Console,Platinum,7.8,10,2.9,15.1,13.0,0.21,0,5,9,59.11,15,None,8.1,4.3,6.1,5.6,4.7,7.0,6.8,6.4,5.0,1,3,0.8,Single,4.0,3,23.9,6,62.6,10.4,Toxic Competitor,47.05,0,Moderate,1,0.69,0.936
USR000089,13,Male,Brazil,Employed,Lower-Middle,1,RPG,Console,Mixed,Silver,6.2,3,1.5,6.1,7.0,0.5,1,1,0,39.25,5,None,7.0,5.0,5.0,7.9,3.7,7.1,3.9,7.5,7.4,2,3,0,In a relationship,4.0,0,13.4,0,16.7,8.8,Escape Seeker,30.46,0,Mild,1,0.55,0.845
USR000090,21,Male,Germany,Student,Lower-Middle,9,FPS,PC,Mixed,Platinum,3.1,3,1.0,5.3,4.0,0.42,1,0,0,22.28,3,Basic,4.3,8.2,3.1,8.8,7.2,3.6,5.8,8.8,7.4,0,2,0,Single,3.21,0,7.1,0,74.9,5.1,Casual Enjoyer,29.67,0,Mild,1,0.47,0.868
USR000091,23,Female,Japan,Employed,Lower-Middle,8,Strategy,Mobile,Mid-range PC,Silver,8.2,6,2.2,12.7,10.1,0.33,0,2,0,5.7,0,None,7.8,7.9,6.3,8.8,5.0,7.9,5.9,6.0,6.0,1,4,1.8,Married,4.0,1,34.2,8,116.6,11.3,Streamer/Creator,41.92,0,Moderate,1,0.69,0.884
USR000092,18,Female,Japan,Employed,Lower-Middle,6,Battle Royale,PC+Mobile,Mobile,Diamond,2.5,4,1.6,4.2,1,0.82,1,0,4,4.1,5,None,8.0,4.5,2.1,6.7,5.4,4.2,6.9,6.5,7.8,2,6,1.6,Single,4.0,0,14.4,1,145.5,3.3,Social Gamer,27.82,0,Mild,1,0.555,0.802
USR000093,24,Female,USA,Freelancer,Middle,10,Casual,PC+Console,Mid-range PC,Gold,1.6,1,1.1,1.8,1.9,0.06,0,3,6,38.25,16,Basic,4.4,4.3,1.4,9.5,2.5,1,2.2,7.8,7.5,4,4,3.1,In a relationship,4.0,0,0,4,44.8,3.1,Escape Seeker,12.28,0,None,1,0.16,0.455
USR000094,19,Male,Australia,Student,Middle,7,Horror,Console,High-end PC,Diamond,3.1,4,0.8,5.0,4.6,0.69,0,2,2,46.55,14,None,8.3,5.1,1.5,4.7,3.3,6.3,4.5,6.2,7.9,5,3,1.6,Single,3.08,2,3.6,4,134.7,3.9,Casual Enjoyer,20.99,0,Mild,1,0.54,0.886
USR000095,29,Male,China,Freelancer,Lower-Middle,17,Casual,Console,Mobile,Silver,3.7,4,2.2,4.7,4.1,0.28,0,0,0,0,4,None,7.2,6.4,2.6,8.1,3.4,8.1,5.5,6.4,6.1,1,4,1.1,Married,4.0,1,25.5,6,22.8,6.1,Social Gamer,24.75,0,Mild,1,0.68,1
USR000096,20,Female,India,Student,Middle,5,Sandbox,Mobile,Mobile,Bronze,5.6,5,1.4,6.2,8.8,0.53,16,7,0,29.28,4,None,9.0,9.3,6.8,8.5,2.9,8.0,8.1,5.3,7.2,2,2,1.5,Married,3.26,1,14.1,5,85.6,9.1,Toxic Competitor,36.46,0,Mild,1,0.805,0.985
USR000097,27,Male,Brazil,Student,High,15,MOBA,Console,Laptop,Silver,7.0,7,1.1,10.7,5.6,0.52,0,3,14,131.65,37,Basic,7.1,7.8,5.6,10,3.8,7.3,5.2,8.1,8.3,1,3,1.3,Married,3.09,4,17.7,6,33.4,8.2,Competitive Grinder,29.86,0,Mild,1,0.625,0.881
USR000098,40,Male,USA,Employed,Middle,25,MMORPG,PC,Mid-range PC,Bronze,7.1,8,2.5,6.1,10.1,0.45,0,0,5,41.49,4,Premium,7.5,6.3,4.1,7.2,6.9,5.9,8.2,7.9,5.8,2,3,1.4,Single,4.0,6,17.8,5,126.5,11.1,Social Gamer,43.71,0,Moderate,1,0.705,0.809
USR000099,16,Male,Germany,Employed,Middle,4,Sports,Console,Console,Unranked,4.3,6,3.3,6.8,7.1,0.45,1,1,1,14.98,0,Basic,7.3,5.5,3.4,7.1,3.8,8.0,3.9,8.9,5.2,0,3,0.3,Divorced,4.0,4,0,9,129.8,4.7,Casual Enjoyer,35.46,0,Mild,1,0.595,0.803
USR000100,25,Male,USA,Employed,Middle,13,Battle Royale,Console,Mobile,Gold,6.4,4,1.2,7.6,9.6,0.4,2,2,0,15.94,0,Ultimate,8.5,3.7,6.5,8.5,2.1,4.4,5.5,6.4,6.5,1,4,0.9,In a relationship,,2,24.5,6,99.7,9.2,Escape Seeker,34.97,0,Mild,1,0.495,0.804
USR000101,26,Male,Canada,Streamer/Content Creator,Upper-Middle,14,Sandbox,Console,Mobile,Bronze,8.2,10,2.6,12.5,11.3,0.6,3,5,0,46.49,8,Premium,8.8,8.1,5.1,7.2,1.4,9.4,5.6,4.8,8.0,0,2,3.8,Single,4.0,5,11.0,10,10.6,10.4,Binge Player,43.61,0,Moderate,1,0.75,0.891
USR000102,21,Male,USA,Employed,Lower-Middle,9,FPS,Mobile,Laptop,Platinum,6.5,5,3.0,10.2,10.7,0.49,0,2,4,12.15,0,Premium,7.1,2.7,5.0,9.0,3.5,3.3,2.6,8.3,6.2,1,4,0.4,In a relationship,4.0,4,23.0,5,129.2,7.7,Escape Seeker,41.35,0,Moderate,1,0.295,0.658
USR000103,24,Male,Mexico,Employed,Middle,10,Battle Royale,Mobile,High-end PC,Silver,2.4,1,0.5,3.1,4.7,0.46,0,3,0,28.83,5,Basic,5.7,2.6,1,4.5,3.2,3.4,1,4.8,9.2,1,2,3.4,In a relationship,4.0,1,17.1,4,92.5,3.6,Casual Enjoyer,18.47,0,None,1,0.22,0.639
USR000104,26,Prefer not to say,Germany,Unemployed,Upper-Middle,14,Casual,PC+Console,Mobile,Silver,3.2,6,0,5.1,6.6,0.42,0,0,14,101.8,16,None,7.7,4.8,3.3,3.9,6.0,8.3,2.5,6.3,7.8,1,2,3.9,In a relationship,4.0,4,13.1,8,79.8,4.7,Casual Enjoyer,29.48,0,Mild,1,0.54,0.873
USR000105,18,Male,USA,Employed,Upper-Middle,6,Battle Royale,PC,Mixed,Gold,9.3,10,4.4,10.4,13.4,0.39,3,2,2,56.59,12,None,6.1,10,7.1,6.3,4.8,6.6,4.0,5.3,4.1,1,4,1.2,Prefer not to say,4.0,1,14.1,5,47.6,11.3,Binge Player,58.05,1,Moderate,1,0.53,0.895
USR000106,13,Male,Brazil,Employed,Lower-Middle,1,MOBA,PC,High-end PC,Gold,5.5,6,1.7,6.7,9.2,0.72,1,0,0,0,4,Premium,4.5,2.2,3.9,6.1,3.5,5.2,1.7,5.7,6.7,1,2,3.8,Divorced,4.0,3,8.5,0,59.4,8.5,Social Gamer,36.04,0,Mild,1,0.345,0.483
USR000107,29,Male,USA,Employed,Upper-Middle,15,Sandbox,PC+Console,Laptop,Silver,5.6,6,1.5,7.8,5.3,0.18,2,6,2,107.11,29,Ultimate,7.8,6.6,3.2,3.1,7.2,7.9,7.7,8.1,7.9,1,2,1.0,Prefer not to say,4.0,2,10.2,4,94.4,8.0,Toxic Competitor,43.93,0,Moderate,1,0.78,0.768
USR000108,22,Male,Russia,Streamer/Content Creator,Lower-Middle,10,Battle Royale,PC,Mid-range PC,Bronze,9.6,11,4.3,13.7,11.7,0.6,1,1,2,0,0,None,8.8,3.7,5.1,5.3,3.8,6.6,5.4,6.9,5.7,1,3,0.5,Single,4.0,5,26.5,9,98.6,11.3,Competitive Grinder,58.18,1,Moderate,1,0.6,0.716
USR000109,21,Male,Canada,Student,Upper-Middle,8,MMORPG,Mobile,Mobile,Bronze,2.3,3,0.6,2.7,1.3,0.36,0,0,2,38.3,13,Premium,9.7,2.9,2.0,8.8,4.6,5.9,6.0,6.6,7.6,3,3,0.3,In a relationship,3.04,3,18.2,1,5,4.5,Casual Enjoyer,19.49,0,None,1,0.595,0.802
USR000110,28,Male,South Korea,Employed,Low,16,MOBA,Mobile,Console,Master,7.2,9,1.2,8.9,12.9,0.72,2,8,0,0,5,Basic,6.8,4.6,5.4,6.7,5.6,2.5,5.1,7.9,6.6,2,0,3.8,In a relationship,4.0,2,6.5,10,109.2,8.1,Toxic Competitor,45.7,0,Moderate,1,0.38,0.717
USR000111,18,Male,USA,Employed,Lower-Middle,6,MMORPG,PC+Console,Console,Gold,10.5,10,3.6,16.0,18.2,0.27,1,0,4,45.57,12,None,5.5,5.3,7.4,5.4,5.9,4.0,5.8,8.2,5.2,0,5,5.4,In a relationship,4.0,5,25.9,11,113.5,12.8,Streamer/Creator,58.53,1,Moderate,1,0.49,0.824
USR000112,15,Male,Canada,Employed,Low,3,RPG,Mobile,Mid-range PC,Master,4.9,7,0.4,6.4,7.1,0.26,1,1,0,3.16,0,None,9.0,4.2,3.2,6.7,4.1,5.5,7.7,5.0,7.7,5,3,3.6,Single,4.0,0,22.1,8,46.6,6.5,Social Gamer,25.54,0,Mild,1,0.66,0.935
USR000113,22,Non-binary,Canada,Employed,Low,10,Casual,PC,Console,Bronze,7.4,6,0.7,11.4,14.5,0.73,0,2,0,1.66,3,Basic,7.9,4.9,3.2,5.8,6.6,5.9,6.2,4.5,7.0,0,4,3.5,Single,4.0,3,29.0,4,76.1,9.4,Streamer/Creator,40.42,0,Moderate,1,0.605,0.846
USR000114,13,Male,India,Employed,Lower-Middle,1,MMORPG,Mobile,Mixed,Gold,8.4,9,2.4,10.5,15.2,0.53,2,3,0,0,1,Premium,8.5,5.5,6.6,8.8,3.9,6.8,2.6,5.8,5.1,0,3,0.7,Single,4.0,5,15.1,8,13.0,12.4,Binge Player,40.49,0,Moderate,1,0.47,0.57
USR000115,16,Female,France,Student,Upper-Middle,3,FPS,PC,Mobile,Silver,6.7,7,2.3,9.9,8.3,0.71,1,4,7,58.74,13,Basic,7.8,3.0,4.1,8.0,3.7,6.1,3.3,8.3,6.7,3,5,0.2,Single,2.25,5,30.5,10,5,7.9,Toxic Competitor,31.4,0,Mild,1,0.47,0.711
USR000116,18,Male,USA,Employed,Middle,6,Sandbox,PC,Mobile,Platinum,5.2,10,0.7,6.3,10.1,0.55,2,0,0,74.09,15,None,7.1,4.4,2.3,3.4,10,6.2,4.2,4.7,6.2,1,3,0.7,In a relationship,4.0,0,12.1,5,37.6,8.9,Binge Player,40.0,0,Moderate,1,0.52,0.834
USR000117,20,Male,Germany,Student,Low,6,RPG,PC+Console,Mobile,Unranked,2.4,3,0,3.3,3.7,0.51,0,4,0,17.43,1,Basic,6.1,3.5,2.0,4.2,5.9,5.6,1,6.6,8.4,4,5,3.3,Prefer not to say,3.49,2,0,0,131.4,4.8,Casual Enjoyer,31.14,0,Mild,1,0.33,0.851
USR000118,24,Male,Russia,Unemployed,Middle,12,Strategy,Mobile,Laptop,Master,6.4,10,1.6,9.6,10.8,0.21,0,2,13,70.14,8,Premium,6.2,4.3,4.4,7.8,7.0,4.9,6.0,4.7,7.4,1,5,2.4,In a relationship,4.0,4,15.6,6,100.5,9.3,Escape Seeker,38.8,0,Mild,1,0.545,0.794
USR000119,21,Male,USA,Employed,Upper-Middle,9,MOBA,PC+Mobile,Mixed,Diamond,2.3,1,1.1,2.9,1.3,0.24,0,0,6,50.4,0,Premium,6.8,4.8,1,8.3,4.5,5.7,3.1,6.9,7.7,2,0,1.8,Prefer not to say,4.0,1,16.5,0,107.2,3.8,Casual Enjoyer,18.68,0,None,1,0.44,0.779
USR000120,13,Female,USA,Student,Middle,1,RPG,Mobile,High-end PC,Gold,7.8,11,3.8,9.5,12.2,0.71,1,0,7,49.04,0,Premium,7.8,2.1,7.9,5.0,7.2,6.0,,2.9,4.8,0,4,0.9,Prefer not to say,3.12,5,26.2,8,94.0,8.1,Escape Seeker,59.46,1,Moderate,1,0.39,0.706
USR000121,25,Female,UK,Employed,Low,13,Casual,Mobile,Mid-range PC,Diamond,3.3,6,0.4,4.0,7.6,0.5,0,2,2,22.34,6,Premium,6.7,5.3,3.4,7.2,1,3.4,5.2,7.2,7.4,0,0,2.7,In a relationship,4.0,0,12.3,8,126.5,5.7,Casual Enjoyer,23.56,0,Mild,1,0.43,0.798
USR000122,25,Female,USA,Employed,Upper-Middle,13,MOBA,PC,Mid-range PC,Master,5.0,9,1.7,5.5,10.2,0.81,0,0,8,79.39,16,None,6.5,3.2,3.4,7.1,5.1,4.9,5.5,8.5,8.3,1,1,4.1,Single,4.0,7,13.5,3,22.4,6.7,Escape Seeker,36.59,0,Mild,1,0.52,0.698
USR000123,21,Male,USA,Employed,Middle,9,Casual,Mobile,High-end PC,Diamond,9.6,10,2.5,15.2,17.5,0.95,2,0,6,57.23,4,None,8.6,4.4,7.5,7.1,7.4,8.0,3.9,7.5,8.4,2,3,2.4,In a relationship,4.0,6,17.0,8,112.0,11.0,Streamer/Creator,50.66,1,Moderate,1,0.595,0.86
USR000124,14,Male,Russia,Freelancer,Lower-Middle,2,MMORPG,PC,High-end PC,Master,6.8,4,2.0,10.5,8.6,0.44,6,2,7,20.4,9,Premium,8.0,4.9,5.9,9.5,3.1,7.0,5.1,7.0,5.9,2,4,3.6,Married,4.0,1,6.5,10,239.3,9.1,Competitive Grinder,35.17,0,Mild,1,0.605,0.751
USR000125,24,Female,Russia,Employed,Lower-Middle,11,Horror,PC,Mobile,Silver,9.7,9,3.2,14.0,18.8,0.38,0,2,3,0.54,4,None,8.0,2.2,5.9,6.3,6.1,4.8,,6.3,6.1,0,2,0.7,In a relationship,4.0,6,22.6,11,171.5,12.5,Competitive Grinder,57.77,1,Moderate,1,0.46,0.672
USR000126,15,Male,India,Unemployed,Middle,3,Horror,Console,Mid-range PC,Silver,5.2,3,0.9,10.4,3.9,0.36,9,7,8,36.45,2,Premium,4.2,4.0,4.5,8.0,4.4,1.6,2.7,7.7,5.8,3,1,2.3,Single,4.0,4,5.9,4,109.3,6.4,Toxic Competitor,34.58,0,Mild,1,0.215,0.684
USR000127,27,Male,India,Unemployed,Middle,11,MMORPG,PC,Laptop,Diamond,5.3,8,1.4,11.3,9.7,0.5,0,0,13,13.96,0,Basic,7.5,6.4,2.6,9.2,2.2,6.3,6.0,7.0,6.6,3,2,0.6,In a relationship,4.0,1,25.2,3,5,6.5,Casual Enjoyer,26.73,0,Mild,1,0.615,0.976
USR000128,13,Female,USA,Student,Middle,1,Battle Royale,Mobile,Mid-range PC,Grandmaster,8.1,9,3.4,14.7,15.9,0.4,1,1,3,15.07,0,Premium,5.3,1,6.2,9.1,3.1,5.3,1.8,7.6,6.1,3,2,6.1,Single,2.71,5,17.9,2,96.0,9.5,Streamer/Creator,48.05,0,Moderate,1,0.355,0.71
USR000129,24,Non-binary,India,Student,Middle,9,FPS,PC,Mobile,Bronze,2.0,4,1.2,2.3,3.8,0.64,0,0,4,45.65,15,Basic,5.3,4.0,1.5,5.4,6.5,3.5,5.5,10,6.5,2,2,3.1,Single,3.01,1,14.1,10,82.8,5.4,Casual Enjoyer,30.79,0,Mild,1,0.45,0.888
USR000130,27,Male,Japan,Employed,Middle,9,MMORPG,PC,Console,Silver,8.3,9,2.0,16.6,11.6,0.3,2,0,1,67.84,3,None,8.1,4.0,3.8,6.0,6.0,5.4,6.3,3.5,6.9,1,5,2.9,In a relationship,4.0,3,16.9,5,57.3,11.2,Escape Seeker,48.65,0,Moderate,1,0.585,0.815
USR000131,29,Male,Germany,Employed,Lower-Middle,17,Casual,PC+Mobile,High-end PC,Bronze,2.5,2,1.1,3.1,5.6,0.46,1,0,1,43.21,12,None,2.3,4.2,1,6.5,4.7,2.9,3.4,8.9,6.1,4,0,1.7,In a relationship,4.0,0,2.1,0,46.2,5.7,Social Gamer,25.23,0,Mild,0.948,0.315,0.777
USR000132,24,Male,USA,Freelancer,Middle,12,Sandbox,PC+Console,Mixed,Platinum,7.2,5,1.0,12.5,12.3,0.47,5,2,5,67.76,19,Ultimate,7.8,6.6,5.0,4.8,6.4,8.3,7.3,5.6,6.6,2,7,0,Single,4.0,6,19.4,4,116.6,10.6,Binge Player,44.47,0,Moderate,1,0.78,0.85
USR000133,21,Male,USA,Employed,Middle,9,MOBA,PC,Console,Silver,4.9,7,3.5,5.6,7.2,0.7,0,0,2,29.7,5,None,6.9,6.1,4.8,6.0,4.2,6.6,5.0,6.9,7.1,1,1,0.4,Prefer not to say,4.0,3,20.7,3,128.6,7.0,Casual Enjoyer,41.99,0,Moderate,1,0.58,0.827
USR000134,22,Male,USA,Employed,Low,7,RPG,Console,Mixed,Platinum,3.4,1,1.3,5.8,7.5,0.38,2,0,0,3.73,8,Premium,4.6,6.7,2.7,4.6,6.8,2.9,6.1,10,7.0,3,1,1.0,Single,4.0,3,0.0,4,162.7,3.7,Social Gamer,34.13,0,Mild,1,0.45,0.646
USR000135,27,Female,Indonesia,Streamer/Content Creator,Middle,15,Battle Royale,Mobile,High-end PC,Grandmaster,2.5,5,0.6,3.2,4.5,0.64,2,1,9,42.68,12,None,8.0,6.3,2.6,5.4,2.8,7.3,7.7,4.8,7.7,0,4,0,Single,4.0,0,15.7,1,134.8,3.7,Casual Enjoyer,26.87,0,Mild,1,0.75,0.926
USR000136,20,Male,Russia,Employed,Low,6,Casual,Mobile,Mixed,Silver,6.5,6,2.9,7.3,8.6,0.55,6,1,0,8.27,3,Premium,5.5,7.6,6.7,5.8,6.7,5.2,6.0,6.5,7.0,0,4,1.5,In a relationship,4.0,3,14.3,5,151.2,9.4,Binge Player,48.15,0,Moderate,1,0.56,0.873
USR000137,21,Male,Other,Student,Lower-Middle,9,Horror,PC,Laptop,Bronze,2.1,1,0,3.0,2.8,0.3,0,5,4,0,8,None,5.5,7.1,1,7.8,1.4,2.8,2.5,6.9,6.7,1,1,0,Single,3.08,1,8.5,5,36.4,3.6,Casual Enjoyer,19.62,0,None,1,0.265,0.801
USR000138,18,Female,UK,Employed,Lower-Middle,4,Casual,PC,Mixed,Bronze,6.3,10,2.8,5.4,14.0,0.14,0,0,0,20.74,3,Premium,4.4,7.8,5.7,6.4,3.6,5.7,,7.6,6.9,1,1,1.5,Single,4.0,3,7.5,0,116.9,6.4,Escape Seeker,44.75,0,Moderate,1,0.495,0.874
USR000139,20,Male,USA,Employed,Upper-Middle,8,FPS,PC+Console,High-end PC,Platinum,2.1,1,1.4,2.6,1.4,0.82,2,3,0,88.17,16,Basic,7.4,1,2.9,5.6,5.6,5.6,2.0,8.3,8.4,1,4,0.9,Single,4.0,1,7.9,7,241.6,3.4,Social Gamer,28.91,0,Mild,1,0.38,0.69
USR000140,19,Female,Other,Freelancer,High,7,Sports,Console,Console,Platinum,5.2,8,2.0,7.0,8.1,0.04,32,8,7,159.71,26,Ultimate,5.8,3.6,4.0,8.1,5.0,8.4,3.7,10,5.8,0,6,2.3,Married,4.0,3,22.1,3,200.1,6.1,Toxic Competitor,30.49,0,Mild,1,0.605,0.882
USR000141,20,Male,Brazil,Freelancer,Low,3,Battle Royale,Mobile,Mobile,Gold,1.3,3,1.0,1.2,1.6,0.61,2,1,4,0,0,None,6.2,5.4,1,5.9,5.3,6.6,2.3,8.2,6.2,3,0,0,Single,4.0,0,0,4,62.0,2.8,Casual Enjoyer,24.91,0,Mild,1,0.445,0.609
USR000142,34,Male,UK,Freelancer,High,21,MOBA,PC,Mid-range PC,Silver,1.2,2,0.4,1.8,1,0.96,1,2,12,182.6,35,Premium,6.4,7.8,1.8,4.0,6.9,5.4,,8.1,6.7,3,2,0.8,Single,4.0,2,9.6,3,183.0,4.0,Casual Enjoyer,26.17,0,Mild,1,0.56,0.723
USR000143,17,Female,Russia,Employed,Middle,5,RPG,PC,Mobile,Platinum,5.8,8,1.3,8.4,6.9,0.22,1,0,14,60.0,1,Premium,8.9,8.7,4.9,5.1,7.4,8.8,8.6,4.7,8.2,3,4,0.2,Single,4.0,5,12.9,7,91.9,7.1,Casual Enjoyer,43.0,0,Moderate,1,0.87,0.903
USR000144,15,Male,Russia,Employed,High,3,Sandbox,PC+Console,Mixed,Grandmaster,9.1,10,3.5,14.3,16.1,0.43,0,0,18,151.45,25,Basic,4.8,5.3,6.5,5.6,5.5,7.0,,8.0,6.5,0,3,3.5,In a relationship,4.0,6,20.6,4,73.2,12.6,Streamer/Creator,55.87,1,Moderate,1,0.64,0.669
USR000145,19,Male,Indonesia,Freelancer,Lower-Middle,6,MMORPG,Console,Mixed,Master,6.9,8,2.3,12.7,10.8,0.45,0,0,1,45.07,9,Premium,7.5,3.6,5.4,1.1,9.4,3.6,3.5,7.2,7.0,1,5,2.0,Single,4.0,2,23.8,1,5,9.4,Streamer/Creator,57.73,1,Moderate,1,0.355,0.587
USR000146,17,Male,India,Student,Middle,5,Strategy,Console,Mobile,Gold,5.8,8,2.4,5.9,7.4,0.48,5,2,11,74.05,18,Premium,5.5,4.8,2.2,7.4,5.5,3.9,4.2,9.5,8.1,2,1,1.9,Single,3.14,3,15.8,4,112.1,7.1,Binge Player,30.32,0,Mild,1,0.405,0.839
USR000147,28,Male,USA,Employed,Low,16,RPG,PC,Mixed,Grandmaster,6.6,5,2.6,7.5,13.7,0.22,1,1,3,37.55,6,Basic,9.2,5.8,3.7,7.0,4.8,5.9,3.6,5.2,5.6,2,1,0.4,In a relationship,4.0,4,12.5,7,129.3,9.2,Escape Seeker,35.91,0,Mild,1,0.475,0.812
USR000148,22,Female,Germany,Student,Upper-Middle,10,Battle Royale,Console,High-end PC,Gold,2.9,4,0.4,2.3,1,0.67,0,0,6,70.73,21,Premium,8.8,4.2,2.5,4.3,5.3,5.4,4.3,3.9,7.9,0,1,1.0,In a relationship,2.59,2,0,1,124.6,6.8,Casual Enjoyer,31.25,0,Mild,1,0.485,0.85
USR000149,16,Male,India,Student,Lower-Middle,4,MOBA,Console,Mobile,Diamond,7.9,11,3.4,8.2,13.8,0.72,0,0,0,0,2,Premium,6.5,3.4,5.4,5.3,3.5,5.6,4.4,6.2,5.7,0,5,2.0,Single,3.1,7,22.1,6,127.6,10.9,Streamer/Creator,43.58,0,Moderate,1,0.5,0.807
USR000150,25,Male,India,Employed,Low,13,Sandbox,PC,Mid-range PC,Bronze,5.3,4,1.2,5.2,10.4,0.3,0,8,0,28.48,8,Premium,7.3,5.6,2.6,2.7,7.2,6.8,4.5,5.9,8.3,0,2,3.6,Single,4.0,5,28.0,2,123.2,7.4,Toxic Competitor,37.4,0,Mild,1,0.565,0.741
USR000151,15,Male,China,Student,Upper-Middle,3,Strategy,PC+Console,Mid-range PC,Platinum,3.0,5,2.6,2.9,1.8,0.37,21,6,5,41.16,12,Basic,6.1,3.1,2.5,7.1,4.5,5.3,3.0,3.3,5.2,5,2,5.2,Single,2.6,4,0,8,31.5,4.6,Toxic Competitor,34.04,0,Mild,1,0.415,0.576
USR000152,14,Female,UK,Employed,Middle,2,Sports,PC+Console,Mixed,Gold,7.0,4,3.3,11.1,8.7,0.6,1,0,9,67.33,11,Premium,10,5.4,4.2,5.9,5.5,8.3,4.6,3.4,6.6,1,0,1.8,Single,4.0,4,0,2,124.8,9.9,Escape Seeker,45.1,0,Moderate,1,0.645,1
USR000153,30,Female,India,Employed,Middle,18,Horror,Mobile,Mixed,Diamond,5.4,6,1.4,9.4,9.5,0.23,2,2,0,48.33,14,Basic,5.4,7.3,3.0,5.1,5.6,4.5,6.0,5.7,7.2,0,4,0,Married,4.0,3,17.6,5,69.4,6.8,Escape Seeker,31.34,0,Mild,1,0.525,0.857
USR000154,27,Non-binary,UK,Employed,Low,15,Horror,PC,Mobile,Master,7.9,10,2.3,12.5,13.7,0.42,5,0,9,22.4,7,None,6.8,4.9,6.5,7.4,4.4,4.9,6.0,5.8,7.4,2,0,2.6,In a relationship,4.0,3,5.0,9,177.9,11.1,Competitive Grinder,45.54,0,Moderate,1,0.545,0.749
USR000155,30,Male,India,Student,Lower-Middle,18,FPS,Console,Mixed,Bronze,3.8,4,0.8,5.0,4.2,0.42,1,1,8,11.25,10,None,8.8,5.6,3.2,10,1,8.2,4.4,6.3,6.2,1,2,2.1,Single,3.0,0,19.6,4,142.2,6.1,Social Gamer,21.2,0,Mild,1,0.63,0.901
USR000156,19,Male,UK,Student,Low,7,FPS,PC,High-end PC,Silver,6.5,11,2.2,13.7,10.9,0.56,1,3,0,2.88,4,None,6.4,4.6,6.0,8.6,2.6,5.5,4.1,4.9,6.2,3,4,1.6,In a relationship,2.86,0,22.7,1,99.7,9.3,Social Gamer,39.91,0,Mild,1,0.48,0.857
USR000157,20,Female,Other,Employed,Middle,8,Battle Royale,PC,Laptop,Platinum,2.2,1,0.2,3.5,1.7,0.4,0,0,3,20.67,2,None,4.5,4.6,1,8.5,3.4,5.3,3.3,7.2,7.0,2,4,1.0,Prefer not to say,4.0,0,14.8,3,93.7,3.7,Social Gamer,12.61,0,None,1,0.43,0.773
USR000158,13,Female,Canada,Employed,Upper-Middle,1,MMORPG,Console,Mixed,Unranked,5.8,5,2.6,5.1,8.5,0.5,1,0,3,25.3,1,None,6.1,9.4,4.0,9.8,1,5.5,5.7,6.7,5.7,0,2,0.5,In a relationship,4.0,3,20.9,7,45.7,8.7,Escape Seeker,27.7,0,Mild,1,0.56,0.829
USR000159,18,Male,USA,Student,Lower-Middle,4,Horror,PC+Console,Mobile,Gold,9.2,9,2.1,7.4,13.9,0.17,0,3,1,25.59,6,Ultimate,3.3,8.3,5.9,6.9,7.6,3.1,5.4,8.5,4.7,1,4,0,Single,3.1,3,26.9,7,94.1,11.0,Streamer/Creator,45.88,0,Moderate,1,0.425,0.788
USR000160,18,Male,Germany,Unemployed,Middle,6,Sports,PC+Console,Mid-range PC,Silver,0.5,1,0.9,0.5,1,0.38,1,1,15,66.7,22,Ultimate,2.9,8.2,1,2.8,6.8,6.7,6.0,10,7.9,2,2,1.8,Married,4.0,0,9.3,0,163.6,2.8,Casual Enjoyer,23.2,0,Mild,1,0.635,0.886
USR000161,29,Female,USA,Employed,Middle,17,MMORPG,PC,Mobile,Silver,11.4,15,4.4,20,17.2,0.28,0,2,8,77.28,19,Basic,10,4.6,6.6,9.3,5.2,7.5,4.5,4.5,6.2,0,3,0.1,Single,4.0,1,27.7,10,51.3,13.6,Streamer/Creator,55.9,1,Moderate,1,0.6,0.745
USR000162,16,Male,India,Employed,High,1,Horror,PC,Console,Bronze,9.4,13,4.1,11.4,17.5,0.26,3,0,0,48.93,13,Basic,5.5,7.7,6.4,8.9,1.6,4.4,7.0,8.3,6.4,0,0,0,Single,4.0,3,30.4,7,137.0,11.8,Competitive Grinder,44.25,0,Moderate,1,0.57,0.887
USR000163,23,Female,Japan,Employed,Lower-Middle,11,Casual,PC,Console,Bronze,9.9,14,3.8,9.9,13.0,0.53,2,3,0,51.23,8,Basic,5.8,1.5,6.7,3.9,5.9,4.7,1.5,7.8,6.3,0,2,4.0,In a relationship,4.0,0,25.9,9,5,11.4,Streamer/Creator,58.26,1,Moderate,1,0.31,0.858
USR000164,18,Female,Germany,Employed,High,6,Casual,PC,Laptop,Diamond,10.7,11,4.3,15.5,18.3,0.78,0,1,5,7.7,0,None,9.6,5.5,6.2,10,1,5.4,6.1,3.7,5.9,0,5,1.3,Single,4.0,5,41.1,7,119.3,13.4,Streamer/Creator,43.75,0,Moderate,1,0.575,0.692
USR000165,23,Male,USA,Employed,Lower-Middle,11,RPG,PC,Mobile,Silver,9.5,11,3.2,7.6,16.9,0.41,8,0,0,28.14,2,Basic,7.9,4.0,5.8,8.7,2.8,5.9,2.7,3.4,5.9,1,1,0,Single,4.0,5,39.6,7,61.0,10.3,Competitive Grinder,46.31,0,Moderate,1,0.43,0.865
USR000166,32,Female,India,Employed,Middle,20,Strategy,Mobile,Mixed,Platinum,7.4,11,2.4,10.1,15.4,0.82,6,1,6,44.13,5,Ultimate,8.6,5.1,4.3,5.2,7.2,8.8,,5.4,7.1,1,2,2.9,Single,4.0,5,39.4,5,126.8,9.1,Binge Player,49.6,0,Moderate,1,0.67,0.895
USR000167,27,Prefer not to say,USA,Employed,Middle,15,Strategy,PC+Mobile,Mid-range PC,Platinum,7.9,8,3.3,7.9,14.1,0.62,4,4,2,33.02,12,Premium,6.5,3.8,4.8,9.1,3.7,3.4,3.9,7.4,6.1,0,0,0.6,Married,4.0,0,31.5,8,49.7,10.5,Competitive Grinder,44.69,0,Moderate,1,0.365,0.787
USR000168,29,Male,Japan,Employed,Upper-Middle,17,Sandbox,PC,High-end PC,Gold,8.5,5,3.7,10.5,13.7,0.3,0,3,7,57.56,13,None,9.7,5.9,5.3,4.7,5.4,6.7,7.1,5.3,6.0,1,5,3.3,In a relationship,4.0,3,22.2,4,20.9,9.5,Streamer/Creator,54.22,1,Moderate,1,0.69,0.934
USR000169,23,Female,USA,Unemployed,Low,11,RPG,PC,Console,Platinum,7.1,9,2.2,8.6,10.1,0.04,7,0,1,0,0,None,7.5,2.5,5.9,4.8,6.6,5.3,4.2,2.3,8.1,1,3,2.0,Divorced,4.0,4,0,7,131.6,8.7,Competitive Grinder,47.26,0,Moderate,1,0.475,0.904
USR000170,13,Male,USA,Student,Lower-Middle,1,Strategy,Mobile,High-end PC,Platinum,6.7,9,2.0,8.0,10.3,0.36,1,0,0,4.96,0,Ultimate,6.0,4.6,5.5,10,1,4.0,3.0,9.3,6.0,2,3,2.2,Prefer not to say,,2,13.5,13,114.6,7.6,Escape Seeker,33.5,0,Mild,1,0.35,0.622
USR000171,32,Male,India,Employed,Lower-Middle,20,MMORPG,PC,Console,Silver,6.3,8,2.3,9.3,12.5,0.28,2,0,0,49.88,10,Ultimate,6.2,4.1,6.5,7.3,4.5,4.4,4.9,3.7,6.1,1,1,1.3,In a relationship,4.0,1,21.7,6,102.3,8.6,Escape Seeker,40.94,0,Moderate,1,0.465,0.919
USR000172,28,Female,Indonesia,Employed,Low,16,Casual,PC,Mixed,Bronze,7.0,9,2.5,11.5,8.5,0.49,4,6,5,7.74,4,Basic,6.9,1.7,5.7,2.7,7.0,6.1,3.1,8.1,5.2,3,2,4.0,Single,,1,20.0,4,157.9,9.5,Competitive Grinder,54.1,1,Moderate,1,0.46,0.795
USR000173,13,Male,Mexico,Streamer/Content Creator,High,1,Sports,Console,Console,Master,9.6,11,5.2,7.7,18.7,0.73,1,3,16,118.12,19,Premium,7.5,5.0,5.6,7.3,5.4,6.0,6.5,7.5,4.4,0,3,1.6,In a relationship,4.0,5,22.1,8,178.8,11.3,Streamer/Creator,54.82,1,Moderate,1,0.625,0.879
USR000174,17,Male,Mexico,Freelancer,Lower-Middle,1,Strategy,PC,Console,Gold,10.2,11,3.1,16.0,12.8,0.62,2,0,7,7.32,6,Ultimate,7.0,5.8,8.6,6.1,5.3,6.5,5.0,5.9,5.0,0,1,2.5,In a relationship,4.0,4,31.5,11,79.1,12.5,Binge Player,56.29,1,Moderate,1,0.575,0.853
USR000175,27,Male,UK,Freelancer,Lower-Middle,15,RPG,PC,High-end PC,Gold,4.8,5,1.8,8.4,7.7,0.37,0,5,10,18.81,5,Basic,2.6,4.6,3.6,8.2,5.1,3.0,1.0,7.5,8.2,1,3,2.2,Single,,0,0,8,22.2,8.8,Social Gamer,30.64,0,Mild,1,0.2,0.79
USR000176,27,Non-binary,Russia,Employed,Middle,15,Casual,Console,Mixed,Platinum,9.1,10,3.8,11.9,11.8,0.1,11,2,0,64.5,12,None,10,4.0,4.7,6.7,5.2,7.0,4.3,3.5,6.6,0,0,4.1,In a relationship,4.0,7,25.1,12,159.0,14.1,Competitive Grinder,49.11,0,Moderate,1,0.565,0.87
USR000177,17,Male,Indonesia,Employed,Low,5,FPS,PC,Console,Platinum,6.6,6,2.3,11.5,11.4,0.54,1,2,0,28.67,13,Premium,5.2,3.2,3.6,6.3,7.6,4.0,1.7,6.2,5.6,3,0,2.5,Single,,5,25.2,11,61.9,9.3,Escape Seeker,45.13,0,Moderate,1,0.285,0.516
USR000178,28,Female,Other,Employed,Lower-Middle,16,Battle Royale,Console,Mobile,Gold,8.3,11,2.0,11.0,16.2,0.98,4,0,0,13.0,0,Premium,6.4,3.0,6.2,7.1,4.1,7.1,3.4,4.0,7.1,0,3,0,Single,4.0,4,14.7,6,5,10.2,Binge Player,42.39,0,Moderate,1,0.525,0.763
USR000179,30,Female,Other,Employed,Lower-Middle,18,Casual,PC+Mobile,Laptop,Platinum,8.7,11,2.7,18.0,13.2,0.16,1,1,0,20.94,8,Premium,6.2,4.7,3.8,6.6,5.4,5.8,6.8,7.6,7.7,0,5,4.2,Married,4.0,0,41.7,6,67.1,11.6,Escape Seeker,44.79,0,Moderate,1,0.63,0.891
USR000180,18,Male,Russia,Student,Low,6,Strategy,Console,Mixed,Gold,10.1,11,2.7,17.4,17.0,0.12,3,0,4,35.94,5,None,5.8,6.0,6.5,6.8,4.5,3.5,3.9,6.7,8.0,1,2,0,Single,2.86,3,23.3,13,151.0,12.3,Binge Player,47.13,0,Moderate,1,0.37,0.73
USR000181,24,Male,South Korea,Unemployed,Upper-Middle,10,MMORPG,Mobile,Mid-range PC,Bronze,9.8,11,3.0,12.6,12.3,0.28,1,1,8,113.98,23,Ultimate,6.5,5.4,5.5,5.1,6.4,5.5,4.6,5.6,8.5,0,3,1.0,In a relationship,4.0,3,13.1,10,95.1,11.1,Streamer/Creator,51.44,1,Moderate,1,0.505,0.91
USR000182,18,Non-binary,UK,Student,Lower-Middle,6,Battle Royale,Mobile,Laptop,Bronze,1.4,1,0.2,1.8,1,0.73,0,0,11,54.85,10,Premium,5.0,2.0,1.1,4.5,5.8,5.0,4.9,6.4,9.5,0,4,2.6,In a relationship,3.52,0,0,2,122.7,4.9,Casual Enjoyer,19.25,0,None,1,0.495,0.94
USR000183,26,Non-binary,Canada,Employed,Middle,14,RPG,Console,Laptop,Silver,0.5,1,0.8,0.6,1,0.13,1,4,3,51.98,16,Basic,6.2,3.9,1.4,8.0,3.1,4.0,3.7,7.9,8.2,2,1,1.6,In a relationship,4.0,1,14.9,2,63.2,4.3,Casual Enjoyer,14.53,0,None,1,0.385,0.753
USR000184,30,Male,France,Streamer/Content Creator,Middle,16,Sports,PC+Console,Mixed,Unranked,3.5,4,2.1,5.7,7.0,0.48,2,0,3,53.62,13,Basic,5.2,2.3,2.5,4.3,7.9,4.8,2.8,7.5,6.6,0,3,0,In a relationship,4.0,8,0,9,69.1,6.6,Casual Enjoyer,38.82,0,Mild,1,0.38,0.953
USR000185,24,Male,India,Student,Middle,12,Battle Royale,PC,High-end PC,Platinum,5.5,5,0.6,7.0,10.0,0.71,0,1,12,23.73,0,Premium,6.8,4.1,2.7,7.9,3.7,3.9,4.2,5.6,7.0,1,2,2.9,Single,2.9,4,20.7,8,136.6,7.8,Social Gamer,28.96,0,Mild,1,0.405,0.767
USR000186,17,Male,USA,Unemployed,Low,5,Casual,Mobile,Laptop,Silver,8.6,12,4.7,12.2,13.5,0.31,4,4,0,12.1,0,Ultimate,8.3,5.3,4.7,6.8,4.8,6.2,4.4,5.9,3.4,0,4,1.8,Single,4.0,7,16.8,10,139.2,12.1,Competitive Grinder,53.41,1,Moderate,1,0.53,0.872
USR000187,28,Male,USA,Employed,Middle,16,Sandbox,PC,Console,Platinum,6.9,9,2.1,6.7,9.0,0.5,12,6,0,23.69,9,None,8.2,6.4,4.8,8.2,4.0,7.0,5.9,6.8,8.6,0,4,0.4,Single,4.0,3,18.8,4,108.6,9.6,Toxic Competitor,37.35,0,Mild,1,0.645,0.803
USR000188,22,Female,India,Employed,Lower-Middle,10,Horror,PC,Mid-range PC,Platinum,5.9,6,1.9,9.0,12.0,0.42,1,0,2,40.02,3,Premium,7.1,7.1,4.7,7.5,2.8,6.4,4.9,3.6,5.7,1,2,0.6,Single,4.0,1,12.1,4,5,8.4,Social Gamer,40.24,0,Moderate,1,0.565,0.844
USR000189,30,Female,Other,Freelancer,Middle,15,MMORPG,PC+Console,High-end PC,Gold,3.5,6,1.1,4.9,3.1,0.22,1,1,0,16.82,3,Premium,8.8,1.7,3.8,8.1,5.8,3.8,5.2,4.6,7.8,2,3,3.1,Divorced,4.0,3,0,3,29.3,5.3,Escape Seeker,29.87,0,Mild,1,0.45,0.658
USR000190,22,Male,Japan,Streamer/Content Creator,Lower-Middle,10,FPS,Mobile,Mid-range PC,Silver,6.2,8,1.5,6.6,11.7,0.57,30,5,19,69.75,9,Premium,8.3,5.0,4.4,3.3,7.9,6.5,5.3,4.2,5.4,3,2,1.6,Prefer not to say,4.0,3,29.5,4,75.1,7.4,Toxic Competitor,48.1,0,Moderate,1,0.59,0.971
USR000191,13,Male,USA,Employed,Middle,1,Casual,PC,Mid-range PC,Bronze,3.7,2,1.6,6.0,4.4,0.79,7,0,7,66.94,6,Basic,6.0,3.3,3.1,5.4,6.3,5.8,4.3,7.2,7.1,3,0,4.1,Single,4.0,4,4.2,4,92.0,6.0,Competitive Grinder,30.47,0,Mild,1,0.505,0.624
USR000192,22,Female,India,Employed,Lower-Middle,5,Sandbox,Mobile,Mixed,Unranked,10.0,14,4.0,15.5,12.2,0.37,6,5,0,24.19,2,Premium,5.7,8.0,6.8,6.5,4.0,6.2,6.3,10,7.1,0,5,3.9,Divorced,4.0,6,16.7,9,166.4,10.8,Binge Player,50.67,1,Moderate,1,0.625,0.97
USR000193,20,Non-binary,China,Streamer/Content Creator,Upper-Middle,8,MMORPG,PC+Console,Mid-range PC,Master,5.3,4,0.9,9.0,9.0,0.18,23,8,6,77.69,18,Basic,5.9,7.5,3.6,5.2,4.8,6.2,4.2,7.8,6.1,1,4,0,In a relationship,,3,4.4,3,69.4,5.9,Toxic Competitor,33.68,0,Mild,1,0.52,0.652
USR000194,23,Male,Indonesia,Streamer/Content Creator,Low,11,Sports,PC,Mid-range PC,Bronze,1.7,2,0,2.0,1.5,0.47,1,3,0,0,0,Basic,6.2,5.4,1,5.9,4.6,4.6,,7.4,8.4,2,2,2.7,Married,4.0,0,5.3,0,74.9,2.1,Social Gamer,20.35,0,Mild,1,0.435,0.824
USR000195,30,Male,USA,Employed,Lower-Middle,18,Strategy,Mobile,Laptop,Silver,7.7,7,2.1,9.9,13.0,0.86,2,2,3,28.9,4,Basic,9.1,1,5.0,4.0,8.1,5.2,,4.6,5.9,1,3,1.7,Single,4.0,5,25.0,7,46.6,9.7,Binge Player,52.72,1,Moderate,1,0.34,0.779
USR000196,23,Non-binary,India,Student,Middle,11,FPS,Console,Laptop,Silver,3.1,3,0.3,6.8,5.0,0.1,0,0,0,42.69,6,Ultimate,4.2,5.7,2.8,6.7,4.3,4.7,2.5,8.2,7.6,3,4,3.7,Prefer not to say,3.42,1,14.7,3,70.0,4.5,Casual Enjoyer,19.64,0,None,1,0.36,0.741
USR000197,22,Male,India,Employed,High,8,FPS,PC+Console,Mixed,Platinum,6.8,14,0.8,6.3,5.0,0.34,1,0,1,135.43,30,Basic,6.2,5.7,4.7,8.1,3.5,4.2,4.1,9.0,8.2,0,4,4.4,Single,4.0,7,6.1,9,87.7,8.3,Escape Seeker,33.85,0,Mild,1,0.415,0.841
USR000198,13,Male,USA,Student,Middle,1,FPS,Mobile,Mixed,Unranked,2.4,1,0.9,3.3,4.8,0.47,1,2,6,40.79,12,Premium,7.1,3.7,3.7,8.9,3.3,8.3,2.3,6.6,6.8,1,3,4.0,In a relationship,3.16,0,7.2,5,108.3,3.0,Casual Enjoyer,23.05,0,Mild,1,0.53,0.835
USR000199,27,Male,Germany,Student,Upper-Middle,15,Strategy,PC,Mixed,Silver,7.5,9,2.1,11.6,11.0,0.01,0,2,3,70.06,17,Premium,8.0,7.6,4.2,7.0,5.4,6.7,5.4,5.5,5.9,0,1,4.1,In a relationship,2.92,6,25.7,5,64.5,11.9,Competitive Grinder,41.05,0,Moderate,1,0.605,0.679
USR000200,18,Female,USA,Streamer/Content Creator,Middle,6,Sandbox,Mobile,Laptop,Platinum,7.3,6,1.9,8.0,14.9,0.48,17,10,5,22.93,5,Premium,8.6,4.5,4.6,8.2,3.9,5.5,7.4,6.9,7.7,3,3,0.4,Single,4.0,5,16.8,9,70.3,8.4,Toxic Competitor,38.94,0,Mild,1,0.645,0.949
USR000201,18,Female,Indonesia,Freelancer,Low,4,MMORPG,PC+Console,High-end PC,Gold,1.3,1,0,2.1,2.1,0,1,1,2,13.93,0,Basic,4.7,6.9,1.2,5.5,6.6,8.1,4.2,5.3,9.0,2,0,3.1,Single,,0,23.4,2,214.1,3.6,Casual Enjoyer,18.13,0,None,1,0.615,1
USR000202,25,Female,Australia,Employed,Lower-Middle,13,Horror,PC+Mobile,Mid-range PC,Grandmaster,9.0,10,2.2,8.6,15.2,0.15,5,3,5,72.03,9,None,8.3,3.5,4.9,3.2,7.0,7.2,2.5,5.7,7.9,2,3,3.6,In a relationship,4.0,3,21.2,5,5,11.9,Binge Player,53.25,1,Moderate,1,0.485,0.741
USR000203,19,Female,India,Employed,Lower-Middle,7,Strategy,Mobile,Mixed,Bronze,2.0,7,0,2.2,2.4,0.36,0,1,8,61.23,17,Basic,6.4,3.6,1.9,7.1,4.1,8.3,5.4,8.8,8.7,1,3,4.6,Single,4.0,3,5.4,0,66.4,6.7,Casual Enjoyer,20.2,0,Mild,1,0.685,0.869
USR000204,27,Non-binary,USA,Student,Low,15,Sandbox,Mobile,Mid-range PC,Bronze,3.9,7,1.8,5.6,8.9,0.55,17,8,0,29.3,2,Premium,2.8,6.8,3.9,4.1,7.6,4.7,7.0,7.8,4.4,4,4,0.9,Single,3.13,1,0,1,126.8,5.8,Toxic Competitor,44.74,0,Moderate,1,0.585,0.895
USR000205,30,Male,Japan,Streamer/Content Creator,Lower-Middle,16,Strategy,PC,Mixed,Silver,7.8,9,3.0,12.8,13.0,0.22,6,3,1,14.92,2,None,4.7,6.3,6.4,5.2,5.2,3.2,5.9,7.0,6.1,1,5,4.0,Single,4.0,4,13.0,7,47.6,9.5,Binge Player,52.19,1,Moderate,1,0.455,0.671
USR000206,24,Male,Brazil,Employed,Lower-Middle,12,Horror,PC+Mobile,Laptop,Diamond,7.2,12,3.5,10.7,9.7,0.37,1,0,6,25.41,3,None,7.4,3.0,5.9,7.9,3.5,7.1,3.5,4.2,4.2,3,0,3.3,Married,4.0,7,42.3,10,26.3,9.3,Social Gamer,46.6,0,Moderate,1,0.53,0.632
USR000207,31,Male,Japan,Student,Low,19,RPG,PC,Console,Platinum,6.9,5,2.4,10.9,12.5,0.57,2,3,2,0,0,None,5.1,4.4,3.4,1,9.0,3.3,5.9,7.6,7.3,1,3,0,In a relationship,2.78,2,10.5,13,175.5,9.1,Streamer/Creator,52.57,1,Moderate,1,0.46,0.965
USR000208,24,Male,France,Unemployed,Lower-Middle,12,Casual,Mobile,Mobile,Silver,3.4,3,0,6.9,7.1,0.22,1,0,0,43.02,13,None,7.8,3.2,3.0,9.0,5.9,5.8,4.3,5.2,7.1,1,5,3.7,Single,4.0,0,8.3,6,115.7,6.6,Casual Enjoyer,25.48,0,Mild,1,0.505,0.698
USR000209,15,Male,Brazil,Employed,Middle,2,MMORPG,PC,High-end PC,Bronze,1.5,1,0,2.0,4.7,0.19,0,1,2,23.78,1,None,3.9,3.2,1.8,5.6,6.4,4.6,5.8,6.3,6.9,4,0,3.5,Single,4.0,0,13.3,7,79.1,3.3,Casual Enjoyer,24.24,0,Mild,1,0.52,0.775
USR000210,27,Male,USA,Freelancer,Middle,15,FPS,PC+Console,Mobile,Gold,11.8,13,3.7,16.2,19.4,0.67,0,3,5,0,0,Basic,9.9,4.8,7.1,3.9,4.4,7.8,2.4,6.7,5.0,2,5,2.0,Prefer not to say,4.0,7,18.0,11,154.7,13.9,Streamer/Creator,68.0,1,Severe,1,0.51,0.788
USR000211,30,Prefer not to say,Japan,Unemployed,Upper-Middle,18,Casual,PC+Mobile,Mobile,Gold,6.8,11,3.0,8.2,5.3,0.72,4,3,8,73.34,9,Ultimate,7.4,3.0,6.0,7.2,3.5,4.7,,8.6,8.3,0,1,2.0,Married,4.0,4,17.3,5,178.7,9.6,Competitive Grinder,41.68,0,Moderate,1,0.345,0.8
USR000212,19,Female,China,Unemployed,Lower-Middle,7,MMORPG,Mobile,Mid-range PC,Silver,9.7,14,3.9,14.6,13.7,0.43,1,0,6,26.44,4,None,5.8,4.0,5.9,7.6,5.9,4.3,2.8,8.4,6.6,0,4,0.3,In a relationship,4.0,1,38.6,6,112.7,10.9,Streamer/Creator,52.62,1,Moderate,1,0.355,0.679
USR000213,16,Male,South Korea,Streamer/Content Creator,Middle,4,Battle Royale,Mobile,Console,Silver,6.1,9,2.8,10.2,8.2,0.53,12,5,1,70.16,17,None,9.5,6.2,3.9,2.9,8.6,8.6,6.7,3.9,6.4,4,3,0.6,Single,4.0,4,20.6,5,30.0,8.3,Toxic Competitor,54.35,1,Moderate,1,0.765,0.838
USR000214,28,Female,USA,Student,Middle,16,MMORPG,Console,Mid-range PC,Silver,7.3,9,1.8,10.1,13.2,0.32,2,3,0,34.51,2,Premium,7.8,6.1,5.7,6.0,5.9,6.5,4.3,3.8,6.8,2,4,1.6,In a relationship,3.03,2,24.2,2,170.8,7.5,Competitive Grinder,45.35,0,Moderate,1,0.54,0.881
USR000215,20,Female,UK,Student,Upper-Middle,8,Sports,PC+Mobile,Laptop,Gold,8.8,10,3.6,14.9,15.0,0.29,1,0,2,89.39,14,Basic,8.2,4.6,6.3,4.0,5.5,6.8,,6.8,4.9,3,2,3.1,In a relationship,3.24,3,15.5,6,24.3,9.6,Streamer/Creator,55.09,1,Moderate,1,0.565,0.793
USR000216,23,Male,China,Employed,Lower-Middle,11,MOBA,PC,Mid-range PC,Platinum,11.0,11,3.6,16.0,16.8,0.54,1,0,0,0,3,Premium,5.1,9.1,6.6,8.2,2.0,5.8,7.7,7.2,6.5,2,5,1.5,In a relationship,4.0,2,16.7,10,204.7,13.7,Streamer/Creator,47.86,0,Moderate,1,0.675,0.939
USR000217,20,Male,Germany,Freelancer,Middle,3,Casual,Console,Console,Gold,10.4,10,3.9,11.4,13.8,0.11,1,1,7,69.12,19,None,8.7,4.3,7.3,3.9,6.9,4.6,7.1,6.3,6.4,0,3,0.1,Single,4.0,3,17.5,11,50.1,15.1,Binge Player,59.1,1,Moderate,1,0.585,0.813
USR000218,23,Male,Australia,Employed,Upper-Middle,11,FPS,PC,High-end PC,Gold,9.1,9,2.8,8.3,20.1,0.72,24,6,8,115.96,26,None,9.5,5.1,5.5,3.7,7.2,6.3,8.2,5.6,6.3,3,4,2.7,Married,4.0,3,7.9,6,93.6,11.3,Toxic Competitor,50.69,1,Moderate,1,0.725,0.935
USR000219,35,Male,USA,Employed,Low,19,MOBA,PC,High-end PC,Unranked,4.9,7,2.1,5.2,11.3,0.7,7,1,5,18.69,2,Premium,10,1,4.4,6.2,7.0,5.1,1.7,8.1,7.8,2,4,4.0,Married,4.0,1,15.2,2,156.4,7.4,Competitive Grinder,36.61,0,Mild,1,0.34,0.681
USR000220,18,Non-binary,Germany,Student,Upper-Middle,6,Sandbox,PC,Mixed,Bronze,8.4,11,3.1,10.5,16.5,0.36,1,0,10,64.84,12,Premium,8.6,6.1,4.8,5.7,4.5,8.0,4.5,6.7,6.3,1,4,3.0,In a relationship,2.9,3,22.9,2,19.9,12.3,Binge Player,44.59,0,Moderate,1,0.625,0.726
USR000221,25,Male,Russia,Unemployed,Low,12,MMORPG,Console,Mixed,Gold,7.9,15,1.9,10.5,12.0,0.06,0,5,0,9.72,5,Premium,6.5,10,5.6,4.2,6.5,6.5,6.8,6.6,7.6,1,5,1.0,Single,4.0,1,3.6,8,46.8,10.0,Streamer/Creator,48.25,0,Moderate,1,0.665,0.888
USR000222,15,Male,Japan,Employed,High,3,Casual,PC,Console,Platinum,5.0,5,1.4,6.4,7.5,0.36,1,0,16,167.37,41,None,6.2,3.8,3.7,7.6,6.7,5.7,2.7,6.5,5.8,1,3,0.6,Single,4.0,1,21.1,7,44.2,5.7,Social Gamer,30.1,0,Mild,1,0.42,0.838
USR000223,14,Male,Other,Employed,Lower-Middle,2,FPS,PC,Mid-range PC,Bronze,10.0,12,3.8,10.6,16.5,0.37,1,0,0,20.94,3,Ultimate,8.5,5.6,7.3,5.9,5.3,4.8,5.3,4.3,5.4,0,0,1.4,In a relationship,4.0,2,23.3,7,213.3,11.8,Binge Player,59.61,1,Moderate,1,0.505,0.973
USR000224,21,Male,Russia,Freelancer,Lower-Middle,9,Sports,Console,High-end PC,Platinum,3.3,1,0.4,4.9,1.9,0.24,1,2,5,27.98,8,None,5.7,6.3,1,10,2.8,3.4,3.9,7.6,5.6,2,2,2.6,In a relationship,4.0,5,1.2,5,111.3,3.9,Social Gamer,19.33,0,None,1,0.365,0.743
USR000225,26,Male,South Korea,Unemployed,Low,14,Sports,Console,Mobile,Silver,3.0,3,1.0,3.4,2.9,0.46,0,1,8,7.78,5,Ultimate,6.5,4.8,3.8,6.0,3.9,3.9,5.9,5.6,8.1,0,2,2.7,Single,4.0,0,18.3,7,52.5,5.6,Casual Enjoyer,25.38,0,Mild,1,0.49,0.875
USR000226,25,Prefer not to say,USA,Employed,Middle,10,Horror,PC,Console,Bronze,5.1,7,1.2,7.2,10.5,0.81,0,3,8,57.66,16,Basic,7.5,6.7,5.9,7.1,5.2,5.5,5.4,3.5,7.4,1,3,3.2,Single,4.0,4,20.6,9,53.1,7.5,Social Gamer,34.97,0,Mild,1,0.545,0.743
USR000227,20,Prefer not to say,Australia,Employed,Lower-Middle,8,MMORPG,PC,Mobile,Master,4.2,7,0.1,5.7,6.3,0.23,1,0,0,9.59,5,Premium,8.3,6.2,3.9,6.2,5.5,4.3,8.1,5.3,7.2,3,4,1.6,Single,4.0,6,0,8,22.0,6.6,Social Gamer,30.28,0,Mild,1,0.62,0.824
USR000228,21,Male,UK,Employed,Middle,9,Battle Royale,PC+Console,Mid-range PC,Diamond,3.6,2,0.5,4.0,4.1,0.55,1,5,2,20.82,0,Basic,7.8,9.4,2.5,5.2,5.2,6.9,7.5,8.2,6.4,3,1,1.0,Single,4.0,3,28.0,1,141.7,4.9,Social Gamer,34.17,0,Mild,1,0.72,0.984
USR000229,28,Male,UK,Student,Middle,16,MOBA,Console,Mid-range PC,Platinum,8.6,13,4.1,10.9,12.5,0.84,6,2,1,77.58,22,Basic,6.6,2.3,5.4,5.4,7.6,5.7,4.7,7.4,5.0,2,0,2.0,In a relationship,3.05,4,20.5,14,117.9,11.4,Binge Player,58.04,1,Moderate,1,0.52,0.814
USR000230,22,Male,USA,Freelancer,Middle,9,Battle Royale,PC+Console,Console,Bronze,6.5,8,2.0,5.8,10.1,0.62,18,4,6,2.26,2,None,6.1,6.9,5.4,6.9,4.7,6.1,6.4,6.0,5.9,1,3,3.5,In a relationship,4.0,5,9.5,6,111.2,7.5,Toxic Competitor,40.86,0,Moderate,1,0.625,0.94
USR000231,27,Male,India,Employed,Middle,15,Sports,PC,Mixed,Platinum,3.3,4,1.8,3.8,5.3,0.51,0,0,0,23.69,5,None,5.5,6.0,2.3,9.2,3.7,5.0,4.7,6.3,5.4,2,0,1.0,Single,4.0,1,0,10,5,5.7,Casual Enjoyer,25.97,0,Mild,1,0.485,0.702
USR000232,21,Male,Other,Student,Middle,9,Battle Royale,Mobile,Mobile,Silver,8.4,13,2.8,11.9,18.3,1,0,0,4,63.31,9,None,6.4,1,6.6,7.3,3.2,2.8,1.4,7.1,7.2,1,0,3.6,In a relationship,2.81,2,22.4,8,161.1,10.5,Escape Seeker,44.78,0,Moderate,1,0.21,0.62
USR000233,28,Male,USA,Employed,Upper-Middle,16,Sports,Mobile,Mid-range PC,Gold,3.8,8,0.2,6.1,3.8,0.65,1,0,11,109.14,24,None,5.4,4.3,1.7,5.6,5.8,3.1,5.1,8.5,6.8,4,2,0,Single,4.0,3,9.6,6,235.1,5.4,Social Gamer,27.02,0,Mild,1,0.41,0.764
USR000234,29,Male,Germany,Employed,Upper-Middle,17,MOBA,Console,Laptop,Master,4.7,7,1.3,8.2,3.5,0.52,25,3,0,67.76,16,Basic,7.0,2.0,2.6,4.8,6.6,4.6,3.4,5.4,8.1,0,0,3.0,Prefer not to say,4.0,4,8.1,7,189.8,7.8,Toxic Competitor,35.06,0,Mild,1,0.4,0.758
USR000235,18,Non-binary,UK,Student,Lower-Middle,6,Casual,Console,Mixed,Gold,9.0,13,4.6,11.7,17.4,0.05,2,0,0,11.57,2,None,10,6.7,7.0,10,1,8.6,5.8,2.5,6.2,3,4,2.3,In a relationship,2.8,6,21.8,7,92.8,12.0,Streamer/Creator,40.27,0,Moderate,1,0.72,1
USR000236,28,Non-binary,Brazil,Freelancer,Middle,16,MMORPG,PC,Mobile,Diamond,6.9,7,1.8,10.2,11.8,0.63,8,5,8,53.12,7,Basic,6.4,2.3,4.4,5.6,6.6,6.6,4.4,7.6,8.1,4,2,2.8,Single,4.0,6,25.1,6,214.3,7.6,Competitive Grinder,36.58,0,Mild,1,0.55,0.977
USR000237,20,Male,India,Student,Lower-Middle,8,MOBA,PC,Console,Diamond,4.1,3,0.4,5.8,4.9,0.83,0,1,8,50.44,5,None,5.8,2.6,4.0,1.4,8.7,4.9,5.3,4.3,7.7,2,1,2.6,In a relationship,,3,11.2,3,67.7,6.9,Social Gamer,44.77,0,Moderate,1,0.51,0.874
USR000238,19,Female,USA,Student,Lower-Middle,4,MMORPG,PC,Console,Gold,5.5,8,1.9,5.9,6.8,0.22,0,0,1,56.52,6,Basic,10.0,6.7,4.3,9.9,5.1,8.7,6.0,3.9,7.2,0,1,2.1,Single,3.08,1,4.9,0,77.7,7.0,Social Gamer,30.54,0,Mild,1,0.735,0.743
USR000239,22,Male,Brazil,Employed,Middle,10,MOBA,PC+Console,Console,Gold,5.5,7,2.0,8.4,8.9,0.9,1,0,0,48.28,6,Ultimate,5.3,1,3.6,5.0,3.7,4.1,2.5,7.4,6.3,2,0,3.8,Single,4.0,2,16.1,0,107.2,6.9,Social Gamer,36.93,0,Mild,1,0.33,0.624
USR000240,25,Female,Mexico,Employed,Low,11,MOBA,PC,Console,Master,7.7,10,2.9,12.0,11.2,0.88,0,0,2,27.65,3,Premium,5.9,6.9,4.8,4.6,5.9,5.9,4.4,8.3,7.1,1,2,0.4,Single,4.0,5,22.8,6,70.2,10.5,Escape Seeker,43.32,0,Moderate,1,0.515,0.804
USR000241,24,Male,Brazil,Unemployed,Upper-Middle,12,MMORPG,PC,Console,Gold,8.2,9,3.4,7.8,12.5,0.42,0,1,1,62.78,11,None,6.7,8.7,5.0,8.2,2.2,6.5,6.6,5.7,7.2,0,2,3.7,Single,4.0,4,22.7,6,16.0,9.5,Streamer/Creator,42.03,0,Moderate,1,0.655,0.835
USR000242,26,Male,Brazil,Student,Lower-Middle,11,Battle Royale,Mobile,Mixed,Bronze,9.3,10,2.0,12.7,13.4,0.84,0,2,0,0,0,Ultimate,10,3.5,3.3,4.5,4.9,5.7,3.5,5.6,5.3,3,3,3.1,Single,3.42,4,17.3,7,99.8,10.8,Streamer/Creator,48.79,0,Moderate,1,0.46,0.794
USR000243,19,Male,Canada,Employed,Low,6,MOBA,PC,Console,Master,8.1,10,2.5,6.9,10.5,0.45,3,4,5,12.32,0,Basic,7.4,3.7,5.1,3.1,6.8,5.5,4.5,8.7,4.4,0,1,1.7,Prefer not to say,4.0,2,26.3,5,182.4,11.5,Competitive Grinder,55.2,1,Moderate,1,0.5,0.881
USR000244,37,Male,Germany,Employed,Upper-Middle,25,Battle Royale,PC,High-end PC,Gold,1.7,2,1.1,2.6,5.0,0.34,3,0,3,71.71,17,Premium,4.0,3.2,1.4,5.1,4.2,2.2,1.5,7.0,7.2,0,3,1.6,Single,4.0,2,0,9,102.4,3.8,Casual Enjoyer,20.48,0,Mild,1,0.185,0.632
USR000245,18,Male,India,Employed,Middle,6,MMORPG,Console,Mixed,Diamond,7.8,8,2.7,14.0,11.6,0.42,0,2,0,7.92,7,None,5.3,8.1,6.5,10,3.6,6.8,5.0,6.5,8.4,1,4,1.4,Prefer not to say,4.0,4,0,4,100.0,9.1,Escape Seeker,36.42,0,Mild,1,0.59,0.808
USR000246,23,Female,Japan,Streamer/Content Creator,Upper-Middle,11,MMORPG,PC+Console,Console,Platinum,6.7,7,0.5,5.6,10.2,0.19,1,0,6,65.27,17,Ultimate,5.9,4.1,4.9,4.8,6.5,6.2,1.7,4.7,6.8,1,1,1.7,Single,4.0,1,17.6,4,180.9,7.2,Streamer/Creator,42.37,0,Moderate,1,0.395,0.59
USR000247,18,Male,India,Student,Low,6,Sandbox,PC,Mid-range PC,Bronze,2.3,1,0.4,4.2,2.1,0.33,0,0,0,0,0,None,6.1,9.2,1.8,5.8,5.4,7.8,6.5,3.9,7.7,0,2,4.4,In a relationship,2.73,0,0,0,91.5,5.6,Social Gamer,22.45,0,Mild,1,0.715,0.803
USR000248,20,Male,USA,Student,Middle,8,MMORPG,Mobile,Console,Bronze,3.3,5,2.4,3.6,7.3,0.11,0,0,3,14.69,6,None,4.2,5.0,2.7,4.2,4.0,4.5,3.7,6.9,6.3,2,4,1.2,Single,2.8,1,0,8,120.6,4.9,Escape Seeker,34.76,0,Mild,1,0.41,0.939
USR000249,19,Male,South Korea,Employed,Middle,7,Sandbox,PC+Console,High-end PC,Silver,4.6,4,0.8,6.6,6.5,0.41,0,0,0,58.08,18,Basic,5.1,3.1,2.5,3.1,7.1,5.1,3.0,6.5,8.0,1,1,1.2,In a relationship,,2,23.8,2,175.9,5.2,Social Gamer,36.6,0,Mild,1,0.405,0.87
USR000250,27,Male,USA,Unemployed,Middle,14,MMORPG,PC+Mobile,Laptop,Gold,3.3,2,1.7,6.2,5.4,0.26,0,0,0,60.58,7,None,7.4,8.3,3.3,2.7,6.3,6.3,5.8,10,6.2,0,0,1.6,Prefer not to say,4.0,0,11.7,4,131.7,4.8,Social Gamer,41.65,0,Moderate,1,0.605,0.733
